Sample_ID,Stand_Count
YC22:1001,25
YC22:1002,22
YC22:1003,13
YC22:1004,20
YC22:1005,23
YC22:1006,21
YC22:1007,24
YC22:1008,20
YC22:1009,17
YC22:1010,20
YC22:1011,18
YC22:1012,21
YC22:1013,24
YC22:1014,22
YC22:1015,23
YC22:1016,16
YC22:1017,25
YC22:1018,21
YC22:1019,20
YC22:1020,18
YC22:1021,15
YC22:1022,24
YC22:1023,17
YC22:1024,13
YC22:1025,22
YC22:1026,22
YC22:1027,22
YC22:1028,20
YC22:1029,21
YC22:1030,14
YC22:1031,18
YC22:1032,21
YC22:1033,23
YC22:1034,21
YC22:1035,13
YC22:1036,26
YC22:1037,22
YC22:1038,18
YC22:1039,23
YC22:1040,17
YC22:1041,26
YC22:1042,21
YC22:1043,23
YC22:1044,23
YC22:1045,19
YC22:1046,18
YC22:1047,21
YC22:1048,
YC22:1049,
YC22:1050,
YC22:1051,
YC22:1052,
YC22:1053,
YC22:1054,
YC22:1055,
YC22:1056,
YC22:1057,
YC22:1058,
YC22:1059,
YC22:1060,
YC22:1061,
YC22:1062,
YC22:1063,
YC22:1064,
YC22:1065,
YC22:1066,
YC22:1067,
YC22:1068,
YC22:1069,
YC22:1070,
YC22:1071,
YC22:1072,
YC22:1073,
YC22:1074,
YC22:1075,
YC22:1076,
YC22:1077,
YC22:1078,
YC22:1079,
YC22:1080,
YC22:1081,
YC22:1082,
YC22:1083,
YC22:1084,
YC22:1085,
YC22:1086,
YC22:1087,
YC22:1088,
YC22:1089,
YC22:1090,
YC22:1091,
YC22:1092,
YC22:1093,
YC22:1094,
YC22:1095,
YC22:1096,
YC22:1097,26
YC22:1098,22
YC22:1099,19
YC22:1100,20
YC22:1101,
YC22:1102,
YC22:1103,10
YC22:1104,20
YC22:1105,23
YC22:1106,23
YC22:1107,11
YC22:1108,18
YC22:1109,17
YC22:1110,24
YC22:1111,18
YC22:1112,14
YC22:1113,24
YC22:1114,22
YC22:1115,11
YC22:1116,19
YC22:1117,14
YC22:1118,16
YC22:1119,18
YC22:1120,14
YC22:1121,19
YC22:1122,14
YC22:1123,3
YC22:1124,18
YC22:1125,21
YC22:1126,14
YC22:1127,19
YC22:1128,16
YC22:1129,25
YC22:1130,24
YC22:1131,19
YC22:1132,17
YC22:1133,26
YC22:1134,24
YC22:1135,20
YC22:1136,12
YC22:1137,8
YC22:1138,22
YC22:1139,17
YC22:1140,23
YC22:1141,17
YC22:1142,19
YC22:1143,20
YC22:1144,18
YC22:1145,
YC22:1146,
YC22:1147,
YC22:1148,
YC22:1149,
YC22:1150,
YC22:1151,
YC22:1152,
YC22:1153,
YC22:1154,
YC22:1155,
YC22:1156,
YC22:1157,
YC22:1158,
YC22:1159,
YC22:1160,
YC22:1161,
YC22:1162,
YC22:1163,
YC22:1164,
YC22:1165,
YC22:1166,
YC22:1167,
YC22:1168,
YC22:1169,
YC22:1170,
YC22:1171,
YC22:1172,
YC22:1173,
YC22:1174,
YC22:1175,
YC22:1176,
YC22:1177,
YC22:1178,
YC22:1179,
YC22:1180,
YC22:1181,
YC22:1182,
YC22:1183,
YC22:1184,
YC22:1185,
YC22:1186,
YC22:1187,
YC22:1188,
YC22:1189,
YC22:1190,
YC22:1191,
YC22:1192,
YC22:1193,24
YC22:1194,11
YC22:1195,21
YC22:1196,21
YC22:1197,
YC22:1198,
YC22:1199,21
YC22:1200,20
YC22:1201,20
YC22:1202,26
YC22:1203,15
YC22:1204,18
YC22:1205,8
YC22:1206,24
YC22:1207,19
YC22:1208,13
YC22:1209,26
YC22:1210,13
YC22:1211,20
YC22:1212,21
YC22:1213,20
YC22:1214,23
YC22:1215,20
YC22:1216,19
YC22:1217,21
YC22:1218,24
YC22:1219,10
YC22:1220,20
YC22:1221,14
YC22:1222,24
YC22:1223,19
YC22:1224,18
YC22:1225,25
YC22:1226,26
YC22:1227,19
YC22:1228,23
YC22:1229,16
YC22:1230,19
YC22:1231,15
YC22:1232,20
YC22:1233,14
YC22:1234,20
YC22:1235,24
YC22:1236,0
YC22:1237,24
YC22:1238,20
YC22:1239,21
YC22:1240,16
YC22:1241,
YC22:1242,
YC22:1243,
YC22:1244,
YC22:1245,
YC22:1246,
YC22:1247,
YC22:1248,
YC22:1249,
YC22:1250,
YC22:1251,
YC22:1252,
YC22:1253,
YC22:1254,
YC22:1255,
YC22:1256,
YC22:1257,
YC22:1258,
YC22:1259,
YC22:1260,
YC22:1261,
YC22:1262,
YC22:1263,
YC22:1264,
YC22:1265,
YC22:1266,
YC22:1267,
YC22:1268,
YC22:1269,
YC22:1270,
YC22:1271,
YC22:1272,
YC22:1273,
YC22:1274,
YC22:1275,
YC22:1276,
YC22:1277,
YC22:1278,
YC22:1279,
YC22:1280,
YC22:1281,
YC22:1282,
YC22:1283,24
YC22:1284,22
YC22:1285,
YC22:1286,
YC22:1287,
YC22:1288,
YC22:1289,
YC22:1290,
YC22:1291,
YC22:1292,
YC22:1293,
YC22:1294,
YC22:1295,
YC22:1296,
YC22:1297,
YC22:1298,
YC22:1299,
YC22:1300,
YC22:1301,
YC22:1302,
YC22:1303,
YC22:1304,
YC22:1305,
YC22:1306,
YC22:1307,
YC22:1308,
YC22:1309,
YC22:1310,
YC22:1311,
YC22:1312,
YC22:1313,
YC22:1314,
YC22:1315,
YC22:1316,
YC22:1317,
YC22:1318,
YC22:1319,
YC22:1320,
YC22:1321,
YC22:1322,
YC22:1323,
YC22:1324,
YC22:1325,
YC22:1326,
YC22:1327,
YC22:1328,
YC22:1329,
YC22:1330,
YC22:1331,
YC22:1332,
YC22:1333,
YC22:1334,
YC22:1335,
YC22:1336,
YC22:1337,
YC22:1338,
YC22:1339,
YC22:1340,
YC22:1341,
YC22:1342,
YC22:1343,
YC22:1344,
YC22:1345,
YC22:1346,
YC22:1347,
YC22:1348,
YC22:1349,
YC22:1350,
YC22:1351,
YC22:1352,
YC22:1353,
YC22:1354,
YC22:1355,
YC22:1356,
YC22:1357,
YC22:1358,
YC22:1359,
YC22:1360,
YC22:1361,
YC22:1362,
YC22:1363,
YC22:1364,
YC22:1365,
YC22:1366,
YC22:1367,
YC22:1368,
YC22:1369,
YC22:1370,
YC22:1371,
YC22:1372,
YC22:1373,
YC22:1374,
YC22:1375,
YC22:1376,
YC22:1377,
YC22:1378,
YC22:1379,
YC22:1380,
YC22:1381,
YC22:1382,
YC22:1383,
YC22:1384,
YC22:1385,20
YC22:1386,23
YC22:1387,5
YC22:1388,14
YC22:1389,23
YC22:1390,24
YC22:1391,15
YC22:1392,23
YC22:1393,23
YC22:1394,15
YC22:1395,9
YC22:1396,28
YC22:1397,0
YC22:1398,21
YC22:1399,13
YC22:1400,22
YC22:1401,23
YC22:1402,26
YC22:1403,24
YC22:1404,20
YC22:1405,22
YC22:1406,14
YC22:1407,25
YC22:1408,1
YC22:1409,17
YC22:1410,22
YC22:1411,25
YC22:1412,11
YC22:1413,18
YC22:1414,23
YC22:1415,23
YC22:1416,25
YC22:1417,15
YC22:1418,23
YC22:1419,27
YC22:1420,18
YC22:1421,24
YC22:1422,23
YC22:1423,24
YC22:1424,21
YC22:1425,25
YC22:1426,25
YC22:1427,11
YC22:1428,22
YC22:1429,26
YC22:1430,18
YC22:1431,25
YC22:1432,25
YC22:1433,21
YC22:1434,21
YC22:1435,21
YC22:1436,20
YC22:1437,16
YC22:1438,23
YC22:1439,18
YC22:1440,12
YC22:1441,20
YC22:1442,24
YC22:1443,22
YC22:1444,22
YC22:1445,24
YC22:1446,26
YC22:1447,17
YC22:1448,25
YC22:1449,23
YC22:1450,24
YC22:1451,16
YC22:1452,7
YC22:1453,21
YC22:1454,0
YC22:1455,0
YC22:1456,1
YC22:1457,21
YC22:1458,20
YC22:1459,24
YC22:1460,22
YC22:1461,15
YC22:1462,23
YC22:1463,24
YC22:1464,24
YC22:1465,25
YC22:1466,21
YC22:1467,25
YC22:1468,25
YC22:1469,20
YC22:1470,26
YC22:1471,21
YC22:1472,18
YC22:1473,25
YC22:1474,25
YC22:1475,24
YC22:1476,23
YC22:1477,7
YC22:1478,18
YC22:1479,26
YC22:1480,20
YC22:1481,22
YC22:1482,27
YC22:1483,22
YC22:1484,24
YC22:1485,21
YC22:1486,20
YC22:1487,26
YC22:1488,27
YC22:1489,21
YC22:1490,15
YC22:1491,0
YC22:1492,24
YC22:1493,20
YC22:1494,24
YC22:1495,22
YC22:1496,20
YC22:1497,25
YC22:1498,22
YC22:1499,20
YC22:1500,8
YC22:1501,23
YC22:1502,20
YC22:1503,17
YC22:1504,23
YC22:1505,16
YC22:1506,25
YC22:1507,23
YC22:1508,23
YC22:1509,22
YC22:1510,23
YC22:1511,23
YC22:1512,14
YC22:1513,21
YC22:1514,23
YC22:1515,20
YC22:1516,23
YC22:1517,24
YC22:1518,10
YC22:1519,25
YC22:1520,18
YC22:2001,22
YC22:2002,22
YC22:2003,22
YC22:2004,19
YC22:2005,23
YC22:2006,22
YC22:2007,23
YC22:2008,19
YC22:2009,21
YC22:2010,23
YC22:2011,24
YC22:2012,19
YC22:2013,23
YC22:2014,22
YC22:2015,22
YC22:2016,16
YC22:2017,11
YC22:2018,13
YC22:2019,25
YC22:2020,23
YC22:2021,25
YC22:2022,18
YC22:2023,24
YC22:2024,20
YC22:2025,16
YC22:2026,27
YC22:2027,22
YC22:2028,15
YC22:2029,24
YC22:2030,22
YC22:2031,15
YC22:2032,19
YC22:2033,17
YC22:2034,23
YC22:2035,10
YC22:2036,27
YC22:2037,24
YC22:2038,24
YC22:2039,24
YC22:2040,23
YC22:2041,10
YC22:2042,24
YC22:2043,26
YC22:2044,20
YC22:2045,20
YC22:2046,24
YC22:2047,26
YC22:2048,22
YC22:2049,24
YC22:2050,12
YC22:2051,20
YC22:2052,20
YC22:2053,23
YC22:2054,25
YC22:2055,22
YC22:2056,25
YC22:2057,23
YC22:2058,25
YC22:2059,20
YC22:2060,21
YC22:2061,24
YC22:2062,0
YC22:2063,21
YC22:2064,20
YC22:2065,24
YC22:2066,25
YC22:2067,21
YC22:2068,20
YC22:2069,22
YC22:2070,19
YC22:2071,21
YC22:2072,18
YC22:2073,21
YC22:2074,20
YC22:2075,23
YC22:2076,19
YC22:2077,25
YC22:2078,15
YC22:2079,21
YC22:2080,10
YC22:2081,17
YC22:2082,20
YC22:2083,13
YC22:2084,22
YC22:2085,21
YC22:2086,23
YC22:2087,15
YC22:2088,8
YC22:2089,25
YC22:2090,21
YC22:2091,17
YC22:2092,8
YC22:2093,21
YC22:2094,17
YC22:2095,18
YC22:2096,19
YC22:2097,20
YC22:2098,21
YC22:2099,15
YC22:2100,14
YC22:2101,22
YC22:2102,21
YC22:2103,12
YC22:2104,17
YC22:2105,15
YC22:2106,21
YC22:2107,22
YC22:2108,23
YC22:2109,25
YC22:2110,23
YC22:2111,25
YC22:2112,14
YC22:2113,22
YC22:2114,18
YC22:2115,19
YC22:2116,22
YC22:2117,25
YC22:2118,20
YC22:2119,26
YC22:2120,21
YC22:2121,22
YC22:2122,23
YC22:2123,26
YC22:2124,21
YC22:2125,16
YC22:2126,19
YC22:2127,27
YC22:2128,23
YC22:2129,24
YC22:2130,18
YC22:2131,25
YC22:2132,20
YC22:2133,20
YC22:2134,24
YC22:2135,22
YC22:2136,23
YC22:2137,26
YC22:2138,21
YC22:2139,17
YC22:2140,24
YC22:2141,25
YC22:2142,18
YC22:2143,14
YC22:2144,20
YC22:2145,21
YC22:2146,18
YC22:2147,22
YC22:2148,25
YC22:2149,24
YC22:2150,23
YC22:2151,17
YC22:2152,25
YC22:2153,25
YC22:2154,12
YC22:2155,23
YC22:2156,23
YC22:2157,22
YC22:2158,21
YC22:2159,18
YC22:2160,18
YC22:2161,13
YC22:2162,24
YC22:2163,22
YC22:2164,17
YC22:2165,21
YC22:2166,26
YC22:2167,21
YC22:2168,7
YC22:2169,28
YC22:2170,23
YC22:2171,19
YC22:2172,20
YC22:2173,17
YC22:2174,25
YC22:2175,19
YC22:2176,17
YC22:2177,11
YC22:2178,17
YC22:2179,14
YC22:2180,20
YC22:2181,24
YC22:2182,24
YC22:2183,21
YC22:2184,14
YC22:2185,21
YC22:2186,22
YC22:2187,22
YC22:2188,22
YC22:2189,24
YC22:2190,26
YC22:2191,20
YC22:2192,19
YC22:2193,24
YC22:2194,19
YC22:2195,21
YC22:2196,19
YC22:2197,25
YC22:2198,15
YC22:2199,23
YC22:2200,18
YC22:2201,18
YC22:2202,20
YC22:2203,26
YC22:2204,24
YC22:2205,16
YC22:2206,22
YC22:2207,22
YC22:2208,17
YC22:2209,25
YC22:2210,19
YC22:2211,22
YC22:2212,19
YC22:2213,19
YC22:2214,23
YC22:2215,26
YC22:2216,19
YC22:2217,15
YC22:2218,25
YC22:2219,24
YC22:2220,7
YC22:2221,20
YC22:2222,24
YC22:2223,23
YC22:2224,19
YC22:2225,19
YC22:2226,21
YC22:2227,22
YC22:2228,23
YC22:2229,22
YC22:2230,22
YC22:2231,15
YC22:2232,22
YC22:2233,20
YC22:2234,14
YC22:2235,8
YC22:2236,24
YC22:2237,4
YC22:2238,25
YC22:2239,13
YC22:2240,25
YC22:2241,17
YC22:2242,17
YC22:2243,14
YC22:2244,23
YC22:2245,21
YC22:2246,25
YC22:2247,24
YC22:2248,22
YC22:2249,22
YC22:2250,17
YC22:2251,20
YC22:2252,26
YC22:2253,22
YC22:2254,21
YC22:2255,24
YC22:2256,26
YC22:2257,24
YC22:2258,21
YC22:2259,16
YC22:2260,16
YC22:2261,0
YC22:2262,19
YC22:2263,25
YC22:2264,23
YC22:2265,20
YC22:2266,23
YC22:2267,18
YC22:2268,20
YC22:2269,24
YC22:2270,22
YC22:2271,25
YC22:2272,20
YC22:2273,24
YC22:2274,15
YC22:2275,24
YC22:2276,20
YC22:2277,18
YC22:2278,23
YC22:2279,22
YC22:2280,13
YC22:2281,24
YC22:2282,26
YC22:2283,19
YC22:2284,24
YC22:2285,22
YC22:2286,19
YC22:2287,21
YC22:2288,22
YC22:2289,10
YC22:2290,25
YC22:2291,26
YC22:2292,19
YC22:2293,27
YC22:2294,20
YC22:2295,8
YC22:2296,25
YC22:2297,16
YC22:2298,20
YC22:2299,27
YC22:2300,21
YC22:2301,16
YC22:2302,24
YC22:2303,25
YC22:2304,22
YC22:2305,18
YC22:2306,21
YC22:2307,15
YC22:2308,20
YC22:2309,17
YC22:2310,22
YC22:2311,4
YC22:2312,22
YC22:2313,22
YC22:2314,19
YC22:2315,21
YC22:2316,24
YC22:2317,22
YC22:2318,21
YC22:2319,23
YC22:2320,23
YC22:2321,21
YC22:2322,21
YC22:2323,25
YC22:2324,16
YC22:2325,0
YC22:2326,21
YC22:2327,15
YC22:2328,14
YC22:2329,24
YC22:2330,2
YC22:2331,26
YC22:2332,24
YC22:2333,24
YC22:2334,24
YC22:2335,23
YC22:2336,19
YC22:2337,18
YC22:2338,23
YC22:2339,23
YC22:2340,24
YC22:2341,14
YC22:2342,19
YC22:2343,24
YC22:2344,26
YC22:2345,25
YC22:2346,23
YC22:2347,21
YC22:2348,25
YC22:2349,13
YC22:2350,24
YC22:2351,21
YC22:2352,16
YC22:2353,24
YC22:2354,9
YC22:2355,18
YC22:2356,26
YC22:2357,25
YC22:2358,19
YC22:2359,1
YC22:2360,20
YC22:2361,24
YC22:2362,22
YC22:2363,19
YC22:2364,25
YC22:2365,19
YC22:2366,22
YC22:2367,24
YC22:2368,21
YC22:2369,2
YC22:2370,21
YC22:2371,22
YC22:2372,24
YC22:2373,14
YC22:2374,2
YC22:2375,23
YC22:2376,19
YC22:2377,22
YC22:2378,24
YC22:2379,23
YC22:2380,20
YC22:2381,22
YC22:2382,24
YC22:2383,17
YC22:2384,20
YC22:2385,21
YC22:2386,18
YC22:2387,22
YC22:2388,16
YC22:2389,24
YC22:2390,23
YC22:2391,13
YC22:2392,16
YC22:2393,17
YC22:2394,20
YC22:2395,2
YC22:2396,18
YC22:2397,17
YC22:2398,0
YC22:2399,3
YC22:2400,18
YC22:2401,21
YC22:2402,23
YC22:2403,23
YC22:2404,24
YC22:2405,21
YC22:2406,20
YC22:2407,11
YC22:2408,18
YC22:2409,23
YC22:2410,21
YC22:2411,1
YC22:2412,15
YC22:2413,23
YC22:2414,21
YC22:2415,9
YC22:2416,18
YC22:2417,24
YC22:2418,11
YC22:2419,25
YC22:2420,23
YC22:2421,17
YC22:2422,
YC22:2423,18
YC22:2424,23
YC22:2425,24
YC22:2426,25
YC22:2427,1
YC22:2428,9
YC22:2429,18
YC22:2430,26
YC22:2431,22
YC22:2432,23
YC22:2433,17
YC22:2434,26
YC22:2435,19
YC22:2436,20
YC22:2437,22
YC22:2438,18
YC22:2439,3
YC22:2440,14
YC22:2441,23
YC22:2442,12
YC22:2443,23
YC22:2444,25
YC22:2445,27
YC22:2446,23
YC22:2447,1
YC22:2448,1
YC22:2449,21
YC22:2450,24
YC22:2451,23
YC22:2452,27
YC22:2453,20
YC22:2454,16
YC22:2455,2
YC22:2456,0
YC22:2457,17
YC22:2458,13
YC22:2459,22
YC22:2460,6
YC22:2461,20
YC22:2462,24
YC22:2463,24
YC22:2464,19
YC22:2465,23
YC22:2466,25
YC22:2467,20
YC22:2468,22
YC22:2469,23
YC22:2470,22
YC22:2471,25
YC22:2472,15
YC22:2473,23
YC22:2474,5
YC22:2475,21
YC22:2476,21
YC22:2477,7
YC22:2478,23
YC22:2479,21
YC22:2480,22
YC22:2481,22
YC22:2482,26
YC22:2483,25
YC22:2484,19
YC22:2485,24
YC22:2486,27
YC22:2487,10
YC22:2488,7
YC22:2489,21
YC22:2490,20
YC22:2491,22
YC22:2492,25
YC22:2493,23
YC22:2494,22
YC22:2495,26
YC22:2496,21
YC22:2497,23
YC22:2498,20
YC22:2499,8
YC22:2500,23
YC22:2501,22
YC22:2502,13
YC22:2503,24
YC22:2504,24
YC22:2505,18
YC22:2506,25
YC22:2507,19
YC22:2508,26
YC22:2509,20
YC22:2510,23
YC22:2511,22
YC22:2512,17
YC22:2513,23
YC22:2514,20
YC22:2515,20
YC22:2516,19
YC22:2517,26
YC22:2518,24
YC22:2519,25
YC22:2520,23
YCH22:1001,21
YCH22:1002,24
YCH22:1003,26
YCH22:1004,26
YCH22:1005,27
YCH22:1006,24
YCH22:1007,26
YCH22:1008,26
YCH22:1009,25
YCH22:1010,24
YCH22:1011,25
YCH22:1012,25
YCH22:1013,22
YCH22:1014,23
YCH22:1015,25
YCH22:1016,26
YCH22:1017,23
YCH22:1018,25
YCH22:1019,24
YCH22:1020,25
YCH22:1021,21
YCH22:1022,23
YCH22:1023,25
YCH22:1024,24
YCH22:1025,21
YCH22:1026,23
YCH22:1027,22
YCH22:1028,27
YCH22:1029,24
YCH22:1030,23
YCH22:1031,22
YCH22:1032,26
YCH22:1033,24
YCH22:1034,27
YCH22:1035,23
YCH22:1036,24
YCH22:1037,25
YCH22:1038,24
YCH22:1039,24
YCH22:1040,22
YCH22:1041,26
YCH22:1042,27
YCH22:1043,27
YCH22:1044,25
YCH22:1045,21
YCH22:1046,24
YCH22:1047,25
YCH22:1048,24
YCH22:1049,21
YCH22:1050,8
YCH22:1051,27
YCH22:1052,24
YCH22:1053,20
YCH22:1054,22
YCH22:1055,24
YCH22:1056,23
YCH22:1057,23
YCH22:1058,24
YCH22:1059,23
YCH22:1060,23
YCH22:1061,25
YCH22:1062,15
YCH22:1063,27
YCH22:1064,21
YCH22:1065,25
YCH22:1066,25
YCH22:1067,23
YCH22:1068,21
YCH22:1069,24
YCH22:1070,25
YCH22:1071,26
YCH22:1072,25
YCH22:1073,26
YCH22:1074,23
YCH22:1075,25
YCH22:1076,22
YCH22:1077,21
YCH22:1078,25
YCH22:1079,24
YCH22:1080,24
YCH22:1081,25
YCH22:1082,22
YCH22:1083,26
YCH22:1084,24
YCH22:1085,26
YCH22:1086,17
YCH22:1087,26
YCH22:1088,27
YCH22:1089,24
YCH22:1090,26
YCH22:1091,23
YCH22:1092,27
YCH22:1093,25
YCH22:1094,24
YCH22:1095,26
YCH22:1096,25
YCH22:1097,26
YCH22:1098,27
YCH22:1099,21
YCH22:1100,25
YCH22:1101,25
YCH22:1102,27
YCH22:1103,25
YCH22:1104,23
YCH22:1105,27
YCH22:1106,26
YCH22:1107,23
YCH22:1108,23
YCH22:1109,27
YCH22:1110,26
YCH22:1111,26
YCH22:1112,26
YCH22:1113,23
YCH22:1114,26
YCH22:1115,26
YCH22:1116,24
YCH22:1117,25
YCH22:1118,22
YCH22:1119,27
YCH22:1120,15
YCH22:1121,24
YCH22:1122,23
YCH22:1123,26
YCH22:1124,25
YCH22:1125,21
YCH22:1126,23
YCH22:1127,25
YCH22:1128,12
YCH22:1129,21
YCH22:1130,24
YCH22:1131,26
YCH22:1132,26
YCH22:1133,23
YCH22:1134,26
YCH22:1135,25
YCH22:1136,23
YCH22:1137,25
YCH22:1138,27
YCH22:1139,20
YCH22:1140,24
YCH22:1141,26
YCH22:1142,18
YCH22:1143,22
YCH22:1144,24
YCH22:1145,22
YCH22:1146,26
YCH22:1147,22
YCH22:1148,27
YCH22:1149,26
YCH22:1150,25
YCH22:1151,27
YCH22:1152,27
YCH22:1153,25
YCH22:1154,27
YCH22:1155,21
YCH22:1156,27
YCH22:1157,25
YCH22:1158,26
YCH22:1159,23
YCH22:1160,23
YCH22:1161,25
YCH22:1162,25
YCH22:1163,21
YCH22:1164,26
YCH22:1165,26
YCH22:1166,22
YCH22:1167,19
YCH22:1168,24
YCH22:1169,27
YCH22:1170,23
YCH22:1171,25
YCH22:1172,27
YCH22:1173,22
YCH22:1174,22
YCH22:1175,22
YCH22:1176,23
YCH22:1177,22
YCH22:1178,27
YCH22:1179,27
YCH22:1180,27
YCH22:1181,24
YCH22:1182,25
YCH22:1183,25
YCH22:1184,25
YCH22:1185,26
YCH22:1186,25
YCH22:1187,26
YCH22:1188,27
YCH22:1189,26
YCH22:1190,25
YCH22:1191,25
YCH22:1192,22
YCH22:1193,24
YCH22:1194,23
YCH22:1195,25
YCH22:1196,25
YCH22:1197,25
YCH22:1198,24
YCH22:1199,21
YCH22:1200,23
YCH22:1201,26
YCH22:1202,25
YCH22:1203,24
YCH22:1204,27
YCH22:1205,27
YCH22:1206,25
YCH22:1207,27
YCH22:1208,17
YCH22:1209,24
YCH22:1210,23
YCH22:1211,26
YCH22:1212,26
YCH22:1213,23
YCH22:1214,28
YCH22:1215,24
YCH22:1216,25
YCH22:1217,24
YCH22:1218,25
YCH22:1219,24
YCH22:1220,25
YCH22:1221,25
YCH22:1222,25
YCH22:1223,25
YCH22:1224,25
YCH22:1225,22
YCH22:1226,21
YCH22:1227,23
YCH22:1228,24
YCH22:1229,24
YCH22:1230,25
YCH22:1231,22
YCH22:1232,23
YCH22:1233,26
YCH22:1234,24
YCH22:1235,27
YCH22:1236,24
YCH22:1237,27
YCH22:1238,25
YCH22:1239,24
YCH22:1240,23
YCH22:1241,26
YCH22:1242,20
YCH22:1243,23
YCH22:1244,21
YCH22:1245,8
YCH22:1246,26
YCH22:1247,26
YCH22:1248,24
YCH22:1249,24
YCH22:1250,26
YCH22:1251,25
YCH22:1252,26
YCH22:1253,26
YCH22:1254,24
YCH22:1255,20
YCH22:1256,24
YCH22:1257,27
YCH22:1258,26
YCH22:1259,24
YCH22:1260,27
YCH22:1261,26
YCH22:1262,26
YCH22:1263,24
YCH22:1264,23
YCH22:1265,21
YCH22:1266,27
YCH22:1267,24
YCH22:1268,25
YCH22:1269,27
YCH22:1270,27
YCH22:1271,22
YCH22:1272,26
YCH22:1273,27
YCH22:1274,25
YCH22:1275,27
YCH22:1276,25
YCH22:1277,26
YCH22:1278,19
YCH22:1279,25
YCH22:1280,19
YCH22:1281,23
YCH22:1282,24
YCH22:1283,25
YCH22:1284,26
YCH22:1285,24
YCH22:1286,26
YCH22:1287,26
YCH22:1288,23
YCH22:1289,20
YCH22:1290,25
YCH22:1291,25
YCH22:1292,25
YCH22:1293,26
YCH22:1294,26
YCH22:1295,25
YCH22:1296,26
YCH22:1297,27
YCH22:1298,24
YCH22:1299,27
YCH22:1300,25
YCH22:1301,25
YCH22:1302,27
YCH22:1303,26
YCH22:1304,27
YCH22:1305,22
YCH22:1306,22
YCH22:1307,25
YCH22:1308,27
YCH22:1309,25
YCH22:1310,24
YCH22:1311,27
YCH22:1312,25
YCH22:1313,24
YCH22:1314,27
YCH22:1315,26
YCH22:1316,26
YCH22:1317,19
YCH22:1318,21
YCH22:1319,14
YCH22:1320,27
YCH22:1321,26
YCH22:1322,24
YCH22:1323,12
YCH22:1324,23
YCH22:1325,24
YCH22:1326,24
YCH22:1327,24
YCH22:1328,24
YCH22:1329,23
YCH22:1330,27
YCH22:1331,26
YCH22:1332,24
YCH22:1333,26
YCH22:1334,26
YCH22:1335,23
YCH22:1336,27
YCH22:1337,26
YCH22:1338,26
YCH22:1339,24
YCH22:1340,24
YCH22:1341,25
YCH22:1342,24
YCH22:1343,25
YCH22:1344,26
YCH22:1345,24
YCH22:1346,27
YCH22:1347,23
YCH22:1348,25
YCH22:1349,27
YCH22:1350,22
YCH22:1351,25
YCH22:1352,27
YCH22:1353,24
YCH22:1354,25
YCH22:1355,24
YCH22:1356,25
YCH22:1357,26
YCH22:1358,24
YCH22:1359,22
YCH22:1360,25
YCH22:1361,25
YCH22:1362,22
YCH22:1363,24
YCH22:1364,26
YCH22:1365,25
YCH22:1366,27
YCH22:1367,20
YCH22:1368,22
YCH22:1369,23
YCH22:1370,20
YCH22:1371,16
YCH22:1372,25
YCH22:1373,27
YCH22:1374,25
YCH22:1375,25
YCH22:1376,24
YCH22:1377,26
YCH22:1378,25
YCH22:1379,22
YCH22:1380,25
YCH22:1381,25
YCH22:1382,25
YCH22:1383,21
YCH22:1384,25
YCH22:1385,24
YCH22:1386,27
YCH22:1387,26
YCH22:1388,22
YCH22:1389,27
YCH22:1390,24
YCH22:1391,26
YCH22:1392,24
YCH22:1393,21
YCH22:1394,25
YCH22:1395,22
YCH22:1396,25
YCH22:1397,21
YCH22:1398,24
YCH22:1399,26
YCH22:1400,24
YCH22:1401,25
YCH22:1402,23
YCH22:1403,24
YCH22:1404,15
YCH22:1405,26
YCH22:1406,26
YCH22:1407,25
YCH22:1408,25
YCH22:1409,23
YCH22:1410,25
YCH22:1411,26
YCH22:1412,25
YCH22:1413,24
YCH22:1414,20
YCH22:1415,27
YCH22:1416,25
YCH22:1417,23
YCH22:1418,26
YCH22:1419,25
YCH22:1420,24
YCH22:1421,24
YCH22:1422,26
YCH22:1423,25
YCH22:1424,25
YCH22:1425,23
YCH22:1426,25
YCH22:1427,26
YCH22:1428,26
YCH22:1429,24
YCH22:1430,25
YCH22:1431,25
YCH22:1432,24
YCH22:1433,22
YCH22:1434,21
YCH22:1435,27
YCH22:1436,26
YCH22:1437,25
YCH22:1438,25
YCH22:1439,25
YCH22:1440,27
YCH22:1441,22
YCH22:1442,25
YCH22:1443,26
YCH22:1444,25
YCH22:1445,25
YCH22:1446,25
YCH22:1447,25
YCH22:1448,27
YCH22:1449,23
YCH22:1450,26
YCH22:1451,23
YCH22:1452,22
YCH22:1453,24
YCH22:1454,26
YCH22:1455,24
YCH22:1456,26
YCH22:1457,22
YCH22:1458,20
YCH22:1459,22
YCH22:1460,25
YCH22:1461,24
YCH22:1462,27
YCH22:1463,24
YCH22:1464,25
YCH22:1465,19
YCH22:1466,26
YCH22:1467,15
YCH22:1468,21
YCH22:1469,23
YCH22:1470,22
YCH22:1471,24
YCH22:1472,23
YCH22:1473,22
YCH22:1474,27
YCH22:1475,25
YCH22:1476,25
YCH22:1477,23
YCH22:1478,24
YCH22:1479,22
YCH22:1480,20
YCH22:1481,26
YCH22:1482,25
YCH22:1483,26
YCH22:1484,25
YCH22:1485,21
YCH22:1486,24
YCH22:1487,23
YCH22:1488,27
YCH22:1489,25
YCH22:1490,26
YCH22:1491,26
YCH22:1492,17
YCH22:1493,22
YCH22:1494,22
YCH22:1495,21
YCH22:1496,23
YCH22:1497,27
YCH22:1498,26
YCH22:1499,27
YCH22:1500,27
YCH22:1501,22
YCH22:1502,21
YCH22:1503,26
YCH22:1504,24
YCH22:1505,26
YCH22:1506,23
YCH22:1507,25
YCH22:1508,24
YCH22:1509,25
YCH22:1510,22
YCH22:1511,24
YCH22:1512,20
YCH22:1513,26
YCH22:1514,16
YCH22:1515,21
YCH22:1516,26
YCH22:1517,27
YCH22:1518,26
YCH22:1519,27
YCH22:1520,25
YCH22:1521,26
YCH22:1522,26
YCH22:1523,23
YCH22:1524,17
YCH22:1525,26
YCH22:1526,23
YCH22:1527,26
YCH22:1528,24
YCH22:1529,24
YCH22:1530,25
YCH22:1531,22
YCH22:1532,24
YCH22:1533,25
YCH22:1534,27
YCH22:1535,26
YCH22:1536,24
YCH22:1537,22
YCH22:1538,24
YCH22:1539,26
YCH22:1540,27
YCH22:1541,26
YCH22:1542,26
YCH22:1543,24
YCH22:1544,25
YCH22:1545,27
YCH22:1546,19
YCH22:1547,25
YCH22:1548,24
YCH22:1549,25
YCH22:1550,23
YCH22:1551,25
YCH22:1552,19
YCH22:1553,25
YCH22:1554,24
YCH22:1555,26
YCH22:1556,24
YCH22:1557,25
YCH22:1558,23
YCH22:1559,26
YCH22:1560,23
YCH22:1561,23
YCH22:1562,27
YCH22:1563,22
YCH22:1564,26
YCH22:1565,27
YCH22:1566,23
YCH22:1567,27
YCH22:1568,22
YCH22:1569,24
YCH22:1570,25
YCH22:1571,26
YCH22:1572,23
YCH22:1573,26
YCH22:1574,24
YCH22:1575,23
YCH22:1576,24
YCH22:1577,19
YCH22:1578,21
YCH22:1579,24
YCH22:1580,25
YCH22:2001,18
YCH22:2002,26
YCH22:2003,24
YCH22:2004,23
YCH22:2005,25
YCH22:2006,22
YCH22:2007,26
YCH22:2008,22
YCH22:2009,27
YCH22:2010,24
YCH22:2011,24
YCH22:2012,25
YCH22:2013,24
YCH22:2014,25
YCH22:2015,26
YCH22:2016,23
YCH22:2017,22
YCH22:2018,26
YCH22:2019,26
YCH22:2020,26
YCH22:2021,23
YCH22:2022,11
YCH22:2023,22
YCH22:2024,20
YCH22:2025,24
YCH22:2026,24
YCH22:2027,23
YCH22:2028,24
YCH22:2029,24
YCH22:2030,22
YCH22:2031,25
YCH22:2032,25
YCH22:2033,25
YCH22:2034,23
YCH22:2035,26
YCH22:2036,24
YCH22:2037,25
YCH22:2038,24
YCH22:2039,23
YCH22:2040,22
YCH22:2041,26
YCH22:2042,21
YCH22:2043,23
YCH22:2044,24
YCH22:2045,24
YCH22:2046,19
YCH22:2047,26
YCH22:2048,22
YCH22:2049,24
YCH22:2050,26
YCH22:2051,24
YCH22:2052,18
YCH22:2053,21
YCH22:2054,23
YCH22:2055,21
YCH22:2056,26
YCH22:2057,21
YCH22:2058,24
YCH22:2059,23
YCH22:2060,24
YCH22:2061,26
YCH22:2062,25
YCH22:2063,22
YCH22:2064,26
YCH22:2065,22
YCH22:2066,27
YCH22:2067,22
YCH22:2068,22
YCH22:2069,25
YCH22:2070,24
YCH22:2071,23
YCH22:2072,27
YCH22:2073,23
YCH22:2074,25
YCH22:2075,24
YCH22:2076,26
YCH22:2077,24
YCH22:2078,22
YCH22:2079,26
YCH22:2080,23
YCH22:2081,25
YCH22:2082,25
YCH22:2083,26
YCH22:2084,19
YCH22:2085,27
YCH22:2086,16
YCH22:2087,25
YCH22:2088,24
YCH22:2089,25
YCH22:2090,24
YCH22:2091,25
YCH22:2092,25
YCH22:2093,21
YCH22:2094,26
YCH22:2095,25
YCH22:2096,26
YCH22:2097,24
YCH22:2098,27
YCH22:2099,22
YCH22:2100,26
YCH22:2101,22
YCH22:2102,22
YCH22:2103,19
YCH22:2104,22
YCH22:2105,24
YCH22:2106,25
YCH22:2107,21
YCH22:2108,22
YCH22:2109,27
YCH22:2110,24
YCH22:2111,25
YCH22:2112,22
YCH22:2113,27
YCH22:2114,20
YCH22:2115,27
YCH22:2116,24
YCH22:2117,22
YCH22:2118,30
YCH22:2119,24
YCH22:2120,23
YCH22:2121,23
YCH22:2122,21
YCH22:2123,21
YCH22:2124,25
YCH22:2125,26
YCH22:2126,24
YCH22:2127,24
YCH22:2128,21
YCH22:2129,26
YCH22:2130,25
YCH22:2131,19
YCH22:2132,23
YCH22:2133,22
YCH22:2134,27
YCH22:2135,23
YCH22:2136,26
YCH22:2137,25
YCH22:2138,23
YCH22:2139,26
YCH22:2140,26
YCH22:2141,19
YCH22:2142,22
YCH22:2143,21
YCH22:2144,27
YCH22:2145,23
YCH22:2146,22
YCH22:2147,22
YCH22:2148,27
YCH22:2149,22
YCH22:2150,27
YCH22:2151,25
YCH22:2152,22
YCH22:2153,22
YCH22:2154,25
YCH22:2155,22
YCH22:2156,26
YCH22:2157,21
YCH22:2158,27
YCH22:2159,21
YCH22:2160,25
YCH22:2161,23
YCH22:2162,26
YCH22:2163,22
YCH22:2164,25
YCH22:2165,13
YCH22:2166,22
YCH22:2167,21
YCH22:2168,27
YCH22:2169,22
YCH22:2170,26
YCH22:2171,22
YCH22:2172,26
YCH22:2173,22
YCH22:2174,21
YCH22:2175,22
YCH22:2176,26
YCH22:2177,26
YCH22:2178,27
YCH22:2179,23
YCH22:2180,16
YCH22:2181,22
YCH22:2182,24
YCH22:2183,24
YCH22:2184,25
YCH22:2185,21
YCH22:2186,24
YCH22:2187,22
YCH22:2188,17
YCH22:2189,23
YCH22:2190,26
YCH22:2191,25
YCH22:2192,26
YCH22:2193,21
YCH22:2194,22
YCH22:2195,23
YCH22:2196,25
YCH22:2197,23
YCH22:2198,25
YCH22:2199,24
YCH22:2200,25
YCH22:2201,23
YCH22:2202,26
YCH22:2203,24
YCH22:2204,23
YCH22:2205,23
YCH22:2206,24
YCH22:2207,23
YCH22:2208,24
YCH22:2209,25
YCH22:2210,25
YCH22:2211,23
YCH22:2212,23
YCH22:2213,24
YCH22:2214,23
YCH22:2215,25
YCH22:2216,26
YCH22:2217,25
YCH22:2218,27
YCH22:2219,23
YCH22:2220,24
YCH22:2221,24
YCH22:2222,23
YCH22:2223,21
YCH22:2224,23
YCH22:2225,22
YCH22:2226,24
YCH22:2227,23
YCH22:2228,23
YCH22:2229,24
YCH22:2230,25
YCH22:2231,27
YCH22:2232,25
YCH22:2233,18
YCH22:2234,26
YCH22:2235,27
YCH22:2236,22
YCH22:2237,24
YCH22:2238,23
YCH22:2239,25
YCH22:2240,21
YCH22:2241,27
YCH22:2242,24
YCH22:2243,27
YCH22:2244,25
YCH22:2245,20
YCH22:2246,25
YCH22:2247,24
YCH22:2248,27
YCH22:2249,21
YCH22:2250,26
YCH22:2251,23
YCH22:2252,23
YCH22:2253,23
YCH22:2254,27
YCH22:2255,25
YCH22:2256,25
YCH22:2257,25
YCH22:2258,21
YCH22:2259,25
YCH22:2260,26
YCH22:2261,24
YCH22:2262,21
YCH22:2263,25
YCH22:2264,22
YCH22:2265,26
YCH22:2266,22
YCH22:2267,25
YCH22:2268,23
YCH22:2269,24
YCH22:2270,25
YCH22:2271,27
YCH22:2272,22
YCH22:2273,24
YCH22:2274,24
YCH22:2275,25
YCH22:2276,26
YCH22:2277,26
YCH22:2278,25
YCH22:2279,25
YCH22:2280,22
YCH22:2281,25
YCH22:2282,24
YCH22:2283,26
YCH22:2284,25
YCH22:2285,27
YCH22:2286,25
YCH22:2287,21
YCH22:2288,26
YCH22:2289,26
YCH22:2290,24
YCH22:2291,26
YCH22:2292,25
YCH22:2293,26
YCH22:2294,24
YCH22:2295,27
YCH22:2296,18
YCH22:2297,20
YCH22:2298,27
YCH22:2299,26
YCH22:2300,27
YCH22:2301,25
YCH22:2302,26
YCH22:2303,24
YCH22:2304,27
YCH22:2305,24
YCH22:2306,22
YCH22:2307,27
YCH22:2308,25
YCH22:2309,24
YCH22:2310,27
YCH22:2311,26
YCH22:2312,27
YCH22:2313,27
YCH22:2314,20
YCH22:2315,26
YCH22:2316,22
YCH22:2317,25
YCH22:2318,20
YCH22:2319,26
YCH22:2320,22
YCH22:2321,26
YCH22:2322,22
YCH22:2323,12
YCH22:2324,23
YCH22:2325,26
YCH22:2326,23
YCH22:2327,25
YCH22:2328,26
YCH22:2329,27
YCH22:2330,23
YCH22:2331,26
YCH22:2332,23
YCH22:2333,26
YCH22:2334,23
YCH22:2335,22
YCH22:2336,25
YCH22:2337,26
YCH22:2338,24
YCH22:2339,24
YCH22:2340,23
YCH22:2341,26
YCH22:2342,24
YCH22:2343,26
YCH22:2344,23
YCH22:2345,21
YCH22:2346,25
YCH22:2347,26
YCH22:2348,25
YCH22:2349,26
YCH22:2350,25
YCH22:2351,25
YCH22:2352,27
YCH22:2353,23
YCH22:2354,26
YCH22:2355,24
YCH22:2356,26
YCH22:2357,25
YCH22:2358,27
YCH22:2359,23
YCH22:2360,24
YCH22:2361,22
YCH22:2362,27
YCH22:2363,25
YCH22:2364,26
YCH22:2365,23
YCH22:2366,23
YCH22:2367,26
YCH22:2368,23
YCH22:2369,23
YCH22:2370,22
YCH22:2371,25
YCH22:2372,19
YCH22:2373,25
YCH22:2374,28
YCH22:2375,24
YCH22:2376,21
YCH22:2377,24
YCH22:2378,27
YCH22:2379,23
YCH22:2380,25
YCH22:2381,24
YCH22:2382,23
YCH22:2383,19
YCH22:2384,26
YCH22:2385,23
YCH22:2386,25
YCH22:2387,23
YCH22:2388,26
YCH22:2389,26
YCH22:2390,26
YCH22:2391,26
YCH22:2392,22
YCH22:2393,27
YCH22:2394,22
YCH22:2395,24
YCH22:2396,23
YCH22:2397,22
YCH22:2398,23
YCH22:2399,24
YCH22:2400,26
YCH22:2401,23
YCH22:2402,26
YCH22:2403,26
YCH22:2404,25
YCH22:2405,24
YCH22:2406,27
YCH22:2407,21
YCH22:2408,21
YCH22:2409,24
YCH22:2410,24
YCH22:2411,26
YCH22:2412,20
YCH22:2413,23
YCH22:2414,23
YCH22:2415,27
YCH22:2416,23
YCH22:2417,25
YCH22:2418,21
YCH22:2419,27
YCH22:2420,22
YCH22:2421,26
YCH22:2422,23
YCH22:2423,26
YCH22:2424,22
YCH22:2425,26
YCH22:2426,25
YCH22:2427,26
YCH22:2428,23
YCH22:2429,26
YCH22:2430,27
YCH22:2431,24
YCH22:2432,27
YCH22:2433,24
YCH22:2434,26
YCH22:2435,24
YCH22:2436,26
YCH22:2437,25
YCH22:2438,27
YCH22:2439,26
YCH22:2440,25
YCH22:2441,27
YCH22:2442,25
YCH22:2443,26
YCH22:2444,26
YCH22:2445,21
YCH22:2446,23
YCH22:2447,25
YCH22:2448,26
YCH22:2449,23
YCH22:2450,20
YCH22:2451,21
YCH22:2452,26
YCH22:2453,22
YCH22:2454,27
YCH22:2455,25
YCH22:2456,24
YCH22:2457,27
YCH22:2458,22
YCH22:2459,21
YCH22:2460,22
YCH22:2461,27
YCH22:2462,24
YCH22:2463,24
YCH22:2464,27
YCH22:2465,26
YCH22:2466,24
YCH22:2467,22
YCH22:2468,22
YCH22:2469,27
YCH22:2470,23
YCH22:2471,25
YCH22:2472,23
YCH22:2473,24
YCH22:2474,24
YCH22:2475,27
YCH22:2476,23
YCH22:2477,26
YCH22:2478,18
YCH22:2479,25
YCH22:2480,26
YCH22:2481,23
YCH22:2482,25
YCH22:2483,23
YCH22:2484,25
YCH22:2485,19
YCH22:2486,26
YCH22:2487,27
YCH22:2488,26
YCH22:2489,25
YCH22:2490,24
YCH22:2491,25
YCH22:2492,24
YCH22:2493,23
YCH22:2494,25
YCH22:2495,22
YCH22:2496,23
YCH22:2497,26
YCH22:2498,20
YCH22:2499,26
YCH22:2500,22
YCH22:2501,18
YCH22:2502,21
YCH22:2503,27
YCH22:2504,26
YCH22:2505,24
YCH22:2506,27
YCH22:2507,26
YCH22:2508,25
YCH22:2509,23
YCH22:2510,23
YCH22:2511,26
YCH22:2512,23
YCH22:2513,25
YCH22:2514,20
YCH22:2515,26
YCH22:2516,25
YCH22:2517,23
YCH22:2518,23
YCH22:2519,25
YCH22:2520,25
YCH22:2521,22
YCH22:2522,26
YCH22:2523,26
YCH22:2524,25
YCH22:2525,25
YCH22:2526,23
YCH22:2527,25
YCH22:2528,25
YCH22:2529,19
YCH22:2530,25
YCH22:2531,26
YCH22:2532,27
YCH22:2533,22
YCH22:2534,25
YCH22:2535,22
YCH22:2536,26
YCH22:2537,22
YCH22:2538,26
YCH22:2539,26
YCH22:2540,23
YCH22:2541,23
YCH22:2542,25
YCH22:2543,25
YCH22:2544,25
YCH22:2545,24
YCH22:2546,24
YCH22:2547,22
YCH22:2548,27
YCH22:2549,17
YCH22:2550,26
YCH22:2551,23
YCH22:2552,26
YCH22:2553,23
YCH22:2554,27
YCH22:2555,23
YCH22:2556,25
YCH22:2557,20
YCH22:2558,25
YCH22:2559,24
YCH22:2560,14
YCH22:2561,24
YCH22:2562,25
YCH22:2563,23
YCH22:2564,22
YCH22:2565,26
YCH22:2566,24
YCH22:2567,22
YCH22:2568,18
YCH22:2569,22
YCH22:2570,24
YCH22:2571,26
YCH22:2572,22
YCH22:2573,26
YCH22:2574,22
YCH22:2575,23
YCH22:2576,24
YCH22:2577,24
YCH22:2578,22
YCH22:2579,27
YCH22:2580,24
YC23:1001,24
YC23:1002,22
YC23:1003,21
YC23:1004,22
YC23:1005,25
YC23:1006,14
YC23:1007,20
YC23:1008,0
YC23:1009,23
YC23:1010,19
YC23:1011,23
YC23:1012,17
YC23:1013,17
YC23:1014,25
YC23:1015,20
YC23:1016,13
YC23:1017,18
YC23:1018,27
YC23:1019,24
YC23:1020,23
YC23:1021,26
YC23:1022,24
YC23:1023,20
YC23:1024,25
YC23:1025,24
YC23:1026,24
YC23:1027,20
YC23:1028,20
YC23:1029,17
YC23:1030,25
YC23:1031,22
YC23:1032,24
YC23:1033,17
YC23:1034,26
YC23:1035,23
YC23:1036,22
YC23:1037,20
YC23:1038,25
YC23:1039,24
YC23:1040,24
YC23:1041,24
YC23:1042,19
YC23:1043,23
YC23:1044,22
YC23:1045,20
YC23:1046,24
YC23:1047,22
YC23:1048,23
YC23:1049,23
YC23:1050,13
YC23:1051,24
YC23:1052,23
YC23:1053,23
YC23:1054,22
YC23:1055,24
YC23:1056,21
YC23:1057,21
YC23:1058,23
YC23:1059,24
YC23:1060,23
YC23:1061,23
YC23:1062,21
YC23:1063,25
YC23:1064,25
YC23:1065,21
YC23:1066,25
YC23:1067,22
YC23:1068,23
YC23:1069,22
YC23:1070,18
YC23:1071,21
YC23:1072,21
YC23:1073,19
YC23:1074,24
YC23:1075,23
YC23:1076,20
YC23:1077,25
YC23:1078,17
YC23:1079,17
YC23:1080,22
YC23:1081,20
YC23:1082,21
YC23:1083,22
YC23:1084,23
YC23:1085,24
YC23:1086,22
YC23:1087,24
YC23:1088,21
YC23:1089,20
YC23:1090,26
YC23:1091,24
YC23:1092,27
YC23:1093,11
YC23:1094,26
YC23:1095,24
YC23:1096,17
YC23:1097,23
YC23:1098,23
YC23:1099,20
YC23:1100,24
YC23:1101,25
YC23:1102,16
YC23:1103,20
YC23:1104,25
YC23:1105,23
YC23:1106,13
YC23:1107,15
YC23:1108,25
YC23:1109,24
YC23:1110,25
YC23:1111,18
YC23:1112,21
YC23:1113,25
YC23:1114,19
YC23:1115,25
YC23:1116,21
YC23:1117,26
YC23:1118,23
YC23:1119,21
YC23:1120,23
YC23:1121,15
YC23:1122,26
YC23:1123,24
YC23:1124,24
YC23:1125,13
YC23:1126,26
YC23:1127,20
YC23:1128,18
YC23:1129,22
YC23:1130,23
YC23:1131,26
YC23:1132,22
YC23:1133,21
YC23:1134,22
YC23:1135,27
YC23:1136,21
YC23:1137,23
YC23:1138,21
YC23:1139,27
YC23:1140,21
YC23:1141,22
YC23:1142,26
YC23:1143,23
YC23:1144,25
YC23:1145,23
YC23:1146,22
YC23:1147,22
YC23:1148,25
YC23:1149,23
YC23:1150,20
YC23:1151,11
YC23:1152,21
YC23:1153,22
YC23:1154,25
YC23:1155,16
YC23:1156,22
YC23:1157,22
YC23:1158,20
YC23:1159,24
YC23:1160,21
YC23:1161,23
YC23:1162,25
YC23:1163,17
YC23:1164,20
YC23:1165,23
YC23:1166,20
YC23:1167,16
YC23:1168,24
YC23:1169,22
YC23:1170,25
YC23:1171,25
YC23:1172,16
YC23:1173,27
YC23:1174,25
YC23:1175,23
YC23:1176,26
YC23:1177,23
YC23:1178,17
YC23:1179,23
YC23:1180,26
YC23:1181,21
YC23:1182,19
YC23:1183,18
YC23:1184,20
YC23:1185,21
YC23:1186,16
YC23:1187,20
YC23:1188,20
YC23:1189,25
YC23:1190,19
YC23:1191,22
YC23:1192,21
YC23:1193,27
YC23:1194,18
YC23:1195,22
YC23:1196,22
YC23:1197,21
YC23:1198,25
YC23:1199,27
YC23:1200,23
YC23:1201,18
YC23:1202,25
YC23:1203,24
YC23:1204,22
YC23:1205,25
YC23:1206,24
YC23:1207,18
YC23:1208,19
YC23:1209,23
YC23:1210,22
YC23:1211,19
YC23:1212,21
YC23:1213,25
YC23:1214,20
YC23:1215,22
YC23:1216,21
YC23:1217,26
YC23:1218,18
YC23:1219,26
YC23:1220,18
YC23:1221,20
YC23:1222,26
YC23:1223,19
YC23:1224,19
YC23:1225,17
YC23:1226,26
YC23:1227,19
YC23:1228,24
YC23:1229,21
YC23:1230,23
YC23:1231,26
YC23:1232,22
YC23:1233,23
YC23:1234,24
YC23:1235,20
YC23:1236,27
YC23:1237,26
YC23:1238,20
YC23:1239,23
YC23:1240,20
YC23:1241,25
YC23:1242,23
YC23:1243,26
YC23:1244,20
YC23:1245,17
YC23:1246,22
YC23:1247,24
YC23:1248,19
YC23:1249,25
YC23:1250,14
YC23:1251,24
YC23:1252,23
YC23:1253,18
YC23:1254,23
YC23:1255,12
YC23:1256,27
YC23:1257,22
YC23:1258,19
YC23:1259,20
YC23:1260,20
YC23:1261,16
YC23:1262,19
YC23:1263,24
YC23:1264,3
YC23:1265,23
YC23:1266,22
YC23:1267,27
YC23:1268,18
YC23:1269,17
YC23:1270,21
YC23:1271,12
YC23:1272,21
YC23:1273,26
YC23:1274,14
YC23:1275,18
YC23:1276,4
YC23:1277,3
YC23:1278,22
YC23:1279,22
YC23:1280,17
YC23:1281,20
YC23:1282,18
YC23:1283,17
YC23:1284,24
YC23:1285,16
YC23:1286,18
YC23:1287,22
YC23:1288,18
YC23:1289,22
YC23:1290,12
YC23:1291,18
YC23:1292,9
YC23:1293,20
YC23:1294,25
YC23:1295,25
YC23:1296,24
YC23:1297,17
YC23:1298,26
YC23:1299,14
YC23:1300,18
YC23:1301,21
YC23:1302,13
YC23:1303,24
YC23:1304,25
YC23:1305,19
YC23:1306,6
YC23:1307,19
YC23:1308,19
YC23:1309,22
YC23:1310,26
YC23:1311,24
YC23:1312,26
YC23:1313,26
YC23:1314,8
YC23:1315,25
YC23:1316,19
YC23:1317,22
YC23:1318,21
YC23:1319,0
YC23:1320,15
YC23:1321,25
YC23:1322,20
YC23:1323,18
YC23:1324,0
YC23:1325,22
YC23:1326,18
YC23:1327,26
YC23:1328,25
YC23:1329,19
YC23:1330,22
YC23:1331,21
YC23:1332,20
YC23:1333,26
YC23:1334,21
YC23:1335,2
YC23:1336,26
YC23:1337,18
YC23:1338,13
YC23:1339,22
YC23:1340,18
YC23:1341,21
YC23:1342,23
YC23:1343,19
YC23:1344,25
YC23:1345,22
YC23:1346,14
YC23:1347,24
YC23:1348,22
YC23:1349,18
YC23:1350,22
YC23:1351,20
YC23:1352,17
YC23:1353,14
YC23:1354,20
YC23:1355,10
YC23:1356,21
YC23:1357,18
YC23:1358,19
YC23:1359,11
YC23:1360,21
YC23:1361,22
YC23:1362,20
YC23:1363,21
YC23:1364,22
YC23:1365,15
YC23:1366,16
YC23:1367,26
YC23:1368,22
YC23:1369,12
YC23:1370,24
YC23:1371,18
YC23:1372,24
YC23:1373,8
YC23:1374,26
YC23:1375,24
YC23:1376,19
YC23:1377,23
YC23:1378,17
YC23:1379,23
YC23:1380,25
YC23:1381,23
YC23:1382,25
YC23:1383,23
YC23:1384,24
YC23:1385,19
YC23:1386,19
YC23:1387,25
YC23:1388,23
YC23:1389,19
YC23:1390,26
YC23:1391,19
YC23:1392,23
YC23:1393,24
YC23:1394,21
YC23:1395,24
YC23:1396,23
YC23:1397,20
YC23:1398,22
YC23:1399,25
YC23:1400,16
YC23:1401,23
YC23:1402,23
YC23:1403,6
YC23:1404,22
YC23:1405,19
YC23:1406,24
YC23:1407,26
YC23:1408,23
YC23:1409,16
YC23:1410,1
YC23:1411,20
YC23:1412,25
YC23:1413,23
YC23:1414,7
YC23:1415,24
YC23:1416,18
YC23:1417,13
YC23:1418,19
YC23:1419,12
YC23:1420,18
YC23:1421,23
YC23:1422,8
YC23:1423,23
YC23:1424,0
YC23:1425,12
YC23:1426,7
YC23:1427,19
YC23:1428,18
YC23:1429,11
YC23:1430,24
YC23:1431,2
YC23:1432,25
YC23:1433,14
YC23:1434,19
YC23:1435,20
YC23:1436,22
YC23:1437,22
YC23:1438,22
YC23:1439,26
YC23:1440,22
YC23:1441,26
YC23:1442,26
YC23:1443,25
YC23:1444,13
YC23:1445,25
YC23:1446,24
YC23:1447,10
YC23:1448,25
YC23:1449,11
YC23:1450,6
YC23:1451,25
YC23:1452,12
YC23:1453,23
YC23:1454,16
YC23:1455,26
YC23:1456,19
YC23:1457,26
YC23:1458,22
YC23:1459,16
YC23:1460,23
YC23:1461,20
YC23:1462,22
YC23:1463,21
YC23:1464,20
YC23:1465,0
YC23:1466,6
YC23:1467,22
YC23:1468,19
YC23:1469,23
YC23:1470,23
YC23:1471,22
YC23:1472,20
YC23:1473,23
YC23:1474,20
YC23:1475,21
YC23:1476,12
YC23:1477,24
YC23:1478,22
YC23:1479,12
YC23:1480,22
YC23:1481,19
YC23:1482,25
YC23:1483,5
YC23:1484,24
YC23:1485,15
YC23:1486,24
YC23:1487,9
YC23:1488,18
YC23:1489,9
YC23:1490,23
YC23:1491,12
YC23:1492,25
YC23:1493,11
YC23:1494,10
YC23:1495,25
YC23:1496,26
YC23:1497,25
YC23:1498,21
YC23:1499,22
YC23:1500,23
YC23:1501,23
YC23:1502,20
YC23:1503,17
YC23:1504,25
YC23:1505,3
YC23:1506,24
YC23:1507,15
YC23:1508,21
YC23:1509,22
YC23:1510,20
YC23:1511,22
YC23:1512,24
YC23:1513,11
YC23:1514,24
YC23:1515,13
YC23:1516,22
YC23:1517,22
YC23:1518,19
YC23:1519,23
YC23:1520,18
YC23:2001,22
YC23:2002,13
YC23:2003,22
YC23:2004,20
YC23:2005,18
YC23:2006,21
YC23:2007,19
YC23:2008,23
YC23:2009,24
YC23:2010,24
YC23:2011,25
YC23:2012,20
YC23:2013,23
YC23:2014,23
YC23:2015,24
YC23:2016,22
YC23:2017,19
YC23:2018,16
YC23:2019,24
YC23:2020,17
YC23:2021,11
YC23:2022,19
YC23:2023,21
YC23:2024,28
YC23:2025,23
YC23:2026,20
YC23:2027,25
YC23:2028,23
YC23:2029,18
YC23:2030,26
YC23:2031,17
YC23:2032,24
YC23:2033,23
YC23:2034,22
YC23:2035,20
YC23:2036,25
YC23:2037,18
YC23:2038,24
YC23:2039,21
YC23:2040,23
YC23:2041,23
YC23:2042,15
YC23:2043,23
YC23:2044,22
YC23:2045,23
YC23:2046,26
YC23:2047,22
YC23:2048,21
YC23:2049,20
YC23:2050,25
YC23:2051,22
YC23:2052,25
YC23:2053,24
YC23:2054,23
YC23:2055,24
YC23:2056,21
YC23:2057,22
YC23:2058,27
YC23:2059,24
YC23:2060,26
YC23:2061,22
YC23:2062,23
YC23:2063,19
YC23:2064,25
YC23:2065,24
YC23:2066,22
YC23:2067,20
YC23:2068,25
YC23:2069,18
YC23:2070,25
YC23:2071,20
YC23:2072,24
YC23:2073,24
YC23:2074,22
YC23:2075,22
YC23:2076,22
YC23:2077,12
YC23:2078,25
YC23:2079,21
YC23:2080,23
YC23:2081,19
YC23:2082,24
YC23:2083,24
YC23:2084,24
YC23:2085,21
YC23:2086,27
YC23:2087,22
YC23:2088,23
YC23:2089,20
YC23:2090,23
YC23:2091,16
YC23:2092,24
YC23:2093,19
YC23:2094,25
YC23:2095,22
YC23:2096,21
YC23:2097,19
YC23:2098,22
YC23:2099,20
YC23:2100,25
YC23:2101,21
YC23:2102,25
YC23:2103,20
YC23:2104,21
YC23:2105,25
YC23:2106,24
YC23:2107,14
YC23:2108,19
YC23:2109,21
YC23:2110,21
YC23:2111,24
YC23:2112,22
YC23:2113,19
YC23:2114,26
YC23:2115,21
YC23:2116,20
YC23:2117,19
YC23:2118,26
YC23:2119,20
YC23:2120,23
YC23:2121,21
YC23:2122,22
YC23:2123,20
YC23:2124,26
YC23:2125,17
YC23:2126,21
YC23:2127,17
YC23:2128,25
YC23:2129,22
YC23:2130,25
YC23:2131,18
YC23:2132,22
YC23:2133,19
YC23:2134,22
YC23:2135,23
YC23:2136,20
YC23:2137,16
YC23:2138,25
YC23:2139,21
YC23:2140,15
YC23:2141,18
YC23:2142,0
YC23:2143,19
YC23:2144,23
YC23:2145,22
YC23:2146,23
YC23:2147,22
YC23:2148,22
YC23:2149,22
YC23:2150,18
YC23:2151,23
YC23:2152,23
YC23:2153,26
YC23:2154,20
YC23:2155,26
YC23:2156,20
YC23:2157,21
YC23:2158,17
YC23:2159,23
YC23:2160,19
YC23:2161,17
YC23:2162,13
YC23:2163,22
YC23:2164,21
YC23:2165,24
YC23:2166,24
YC23:2167,21
YC23:2168,23
YC23:2169,25
YC23:2170,19
YC23:2171,25
YC23:2172,18
YC23:2173,17
YC23:2174,25
YC23:2175,21
YC23:2176,25
YC23:2177,18
YC23:2178,21
YC23:2179,26
YC23:2180,24
YC23:2181,19
YC23:2182,20
YC23:2183,21
YC23:2184,26
YC23:2185,26
YC23:2186,25
YC23:2187,23
YC23:2188,23
YC23:2189,22
YC23:2190,13
YC23:2191,23
YC23:2192,23
YC23:2193,21
YC23:2194,23
YC23:2195,22
YC23:2196,18
YC23:2197,22
YC23:2198,23
YC23:2199,27
YC23:2200,23
YC23:2201,27
YC23:2202,22
YC23:2203,24
YC23:2204,25
YC23:2205,24
YC23:2206,25
YC23:2207,24
YC23:2208,23
YC23:2209,25
YC23:2210,22
YC23:2211,24
YC23:2212,23
YC23:2213,20
YC23:2214,22
YC23:2215,21
YC23:2216,21
YC23:2217,25
YC23:2218,21
YC23:2219,23
YC23:2220,26
YC23:2221,27
YC23:2222,23
YC23:2223,23
YC23:2224,22
YC23:2225,23
YC23:2226,22
YC23:2227,27
YC23:2228,24
YC23:2229,25
YC23:2230,24
YC23:2231,23
YC23:2232,25
YC23:2233,26
YC23:2234,26
YC23:2235,24
YC23:2236,24
YC23:2237,26
YC23:2238,23
YC23:2239,25
YC23:2240,23
YC23:2241,18
YC23:2242,21
YC23:2243,18
YC23:2244,23
YC23:2245,15
YC23:2246,20
YC23:2247,26
YC23:2248,27
YC23:2249,15
YC23:2250,24
YC23:2251,6
YC23:2252,11
YC23:2253,19
YC23:2254,14
YC23:2255,24
YC23:2256,23
YC23:2257,14
YC23:2258,17
YC23:2259,21
YC23:2260,17
YC23:2261,19
YC23:2262,25
YC23:2263,19
YC23:2264,13
YC23:2265,24
YC23:2266,26
YC23:2267,23
YC23:2268,23
YC23:2269,21
YC23:2270,27
YC23:2271,17
YC23:2272,14
YC23:2273,18
YC23:2274,26
YC23:2275,18
YC23:2276,21
YC23:2277,20
YC23:2278,15
YC23:2279,16
YC23:2280,25
YC23:2281,24
YC23:2282,24
YC23:2283,22
YC23:2284,24
YC23:2285,15
YC23:2286,22
YC23:2287,13
YC23:2288,18
YC23:2289,19
YC23:2290,11
YC23:2291,18
YC23:2292,7
YC23:2293,21
YC23:2294,25
YC23:2295,24
YC23:2296,26
YC23:2297,20
YC23:2298,20
YC23:2299,22
YC23:2300,25
YC23:2301,18
YC23:2302,24
YC23:2303,25
YC23:2304,21
YC23:2305,20
YC23:2306,18
YC23:2307,20
YC23:2308,25
YC23:2309,18
YC23:2310,25
YC23:2311,17
YC23:2312,13
YC23:2313,18
YC23:2314,23
YC23:2315,19
YC23:2316,13
YC23:2317,21
YC23:2318,24
YC23:2319,20
YC23:2320,22
YC23:2321,9
YC23:2322,22
YC23:2323,13
YC23:2324,12
YC23:2325,16
YC23:2326,25
YC23:2327,22
YC23:2328,1
YC23:2329,14
YC23:2330,26
YC23:2331,7
YC23:2332,24
YC23:2333,19
YC23:2334,25
YC23:2335,25
YC23:2336,0
YC23:2337,19
YC23:2338,21
YC23:2339,17
YC23:2340,25
YC23:2341,6
YC23:2342,25
YC23:2343,2
YC23:2344,21
YC23:2345,10
YC23:2346,22
YC23:2347,12
YC23:2348,20
YC23:2349,25
YC23:2350,20
YC23:2351,25
YC23:2352,12
YC23:2353,15
YC23:2354,19
YC23:2355,26
YC23:2356,20
YC23:2357,17
YC23:2358,17
YC23:2359,15
YC23:2360,19
YC23:2361,24
YC23:2362,24
YC23:2363,24
YC23:2364,19
YC23:2365,23
YC23:2366,23
YC23:2367,23
YC23:2368,20
YC23:2369,21
YC23:2370,9
YC23:2371,21
YC23:2372,3
YC23:2373,12
YC23:2374,24
YC23:2375,16
YC23:2376,19
YC23:2377,2
YC23:2378,20
YC23:2379,22
YC23:2380,15
YC23:2381,22
YC23:2382,14
YC23:2383,22
YC23:2384,21
YC23:2385,20
YC23:2386,24
YC23:2387,18
YC23:2388,22
YC23:2389,25
YC23:2390,20
YC23:2391,23
YC23:2392,18
YC23:2393,24
YC23:2394,8
YC23:2395,16
YC23:2396,0
YC23:2397,27
YC23:2398,16
YC23:2399,23
YC23:2400,21
YC23:2401,23
YC23:2402,20
YC23:2403,25
YC23:2404,17
YC23:2405,21
YC23:2406,11
YC23:2407,17
YC23:2408,7
YC23:2409,23
YC23:2410,14
YC23:2411,22
YC23:2412,22
YC23:2413,7
YC23:2414,22
YC23:2415,24
YC23:2416,10
YC23:2417,23
YC23:2418,7
YC23:2419,25
YC23:2420,17
YC23:2421,24
YC23:2422,8
YC23:2423,20
YC23:2424,8
YC23:2425,7
YC23:2426,15
YC23:2427,21
YC23:2428,25
YC23:2429,0
YC23:2430,24
YC23:2431,24
YC23:2432,24
YC23:2433,23
YC23:2434,24
YC23:2435,24
YC23:2436,20
YC23:2437,15
YC23:2438,21
YC23:2439,17
YC23:2440,14
YC23:2441,22
YC23:2442,27
YC23:2443,23
YC23:2444,23
YC23:2445,16
YC23:2446,27
YC23:2447,15
YC23:2448,26
YC23:2449,22
YC23:2450,17
YC23:2451,12
YC23:2452,12
YC23:2453,23
YC23:2454,23
YC23:2455,22
YC23:2456,11
YC23:2457,14
YC23:2458,25
YC23:2459,28
YC23:2460,0
YC23:2461,20
YC23:2462,19
YC23:2463,21
YC23:2464,21
YC23:2465,9
YC23:2466,19
YC23:2467,0
YC23:2468,20
YC23:2469,1
YC23:2470,23
YC23:2471,18
YC23:2472,18
YC23:2473,21
YC23:2474,25
YC23:2475,18
YC23:2476,11
YC23:2477,22
YC23:2478,18
YC23:2479,17
YC23:2480,11
YC23:2481,20
YC23:2482,22
YC23:2483,22
YC23:2484,26
YC23:2485,23
YC23:2486,11
YC23:2487,14
YC23:2488,11
YC23:2489,20
YC23:2490,20
YC23:2491,21
YC23:2492,6
YC23:2493,26
YC23:2494,23
YC23:2495,22
YC23:2496,25
YC23:2497,21
YC23:2498,22
YC23:2499,22
YC23:2500,26
YC23:2501,19
YC23:2502,27
YC23:2503,23
YC23:2504,20
YC23:2505,21
YC23:2506,24
YC23:2507,23
YC23:2508,25
YC23:2509,4
YC23:2510,11
YC23:2511,12
YC23:2512,13
YC23:2513,19
YC23:2514,27
YC23:2515,22
YC23:2516,6
YC23:2517,14
YC23:2518,27
YC23:2519,24
YC23:2520,24
YCH23:1001,26
YCH23:1002,22
YCH23:1003,27
YCH23:1004,24
YCH23:1005,22
YCH23:1006,26
YCH23:1007,24
YCH23:1008,23
YCH23:1009,24
YCH23:1010,25
YCH23:1011,26
YCH23:1012,24
YCH23:1013,26
YCH23:1014,24
YCH23:1015,24
YCH23:1016,24
YCH23:1017,24
YCH23:1018,23
YCH23:1019,26
YCH23:1020,26
YCH23:1021,25
YCH23:1022,25
YCH23:1023,25
YCH23:1024,27
YCH23:1025,24
YCH23:1026,24
YCH23:1027,10
YCH23:1028,22
YCH23:1029,24
YCH23:1030,25
YCH23:1031,23
YCH23:1032,21
YCH23:1033,27
YCH23:1034,23
YCH23:1035,23
YCH23:1036,22
YCH23:1037,23
YCH23:1038,26
YCH23:1039,24
YCH23:1040,25
YCH23:1041,24
YCH23:1042,22
YCH23:1043,22
YCH23:1044,25
YCH23:1045,25
YCH23:1046,25
YCH23:1047,26
YCH23:1048,16
YCH23:1049,25
YCH23:1050,21
YCH23:1051,25
YCH23:1052,21
YCH23:1053,23
YCH23:1054,24
YCH23:1055,23
YCH23:1056,24
YCH23:1057,26
YCH23:1058,25
YCH23:1059,25
YCH23:1060,24
YCH23:1061,25
YCH23:1062,25
YCH23:1063,24
YCH23:1064,24
YCH23:1065,22
YCH23:1066,27
YCH23:1067,27
YCH23:1068,22
YCH23:1069,24
YCH23:1070,25
YCH23:1071,26
YCH23:1072,25
YCH23:1073,27
YCH23:1074,2
YCH23:1075,26
YCH23:1076,24
YCH23:1077,25
YCH23:1078,25
YCH23:1079,26
YCH23:1080,25
YCH23:1081,26
YCH23:1082,16
YCH23:1083,27
YCH23:1084,21
YCH23:1085,26
YCH23:1086,26
YCH23:1087,
YCH23:1088,16
YCH23:1089,24
YCH23:1090,24
YCH23:1091,24
YCH23:1092,21
YCH23:1093,21
YCH23:1094,20
YCH23:1095,24
YCH23:1096,26
YCH23:1097,23
YCH23:1098,24
YCH23:1099,27
YCH23:1100,23
YCH23:1101,24
YCH23:1102,19
YCH23:1103,26
YCH23:1104,24
YCH23:1105,21
YCH23:1106,25
YCH23:1107,24
YCH23:1108,24
YCH23:1109,25
YCH23:1110,22
YCH23:1111,25
YCH23:1112,21
YCH23:1113,25
YCH23:1114,22
YCH23:1115,24
YCH23:1116,23
YCH23:1117,24
YCH23:1118,25
YCH23:1119,22
YCH23:1120,25
YCH23:1121,21
YCH23:1122,24
YCH23:1123,25
YCH23:1124,23
YCH23:1125,24
YCH23:1126,25
YCH23:1127,27
YCH23:1128,21
YCH23:1129,23
YCH23:1130,22
YCH23:1131,24
YCH23:1132,27
YCH23:1133,22
YCH23:1134,26
YCH23:1135,24
YCH23:1136,27
YCH23:1137,27
YCH23:1138,23
YCH23:1139,23
YCH23:1140,24
YCH23:1141,24
YCH23:1142,23
YCH23:1143,25
YCH23:1144,26
YCH23:1145,26
YCH23:1146,26
YCH23:1147,26
YCH23:1148,26
YCH23:1149,26
YCH23:1150,23
YCH23:1151,27
YCH23:1152,26
YCH23:1153,24
YCH23:1154,27
YCH23:1155,23
YCH23:1156,26
YCH23:1157,23
YCH23:1158,25
YCH23:1159,24
YCH23:1160,26
YCH23:1161,23
YCH23:1162,22
YCH23:1163,27
YCH23:1164,26
YCH23:1165,25
YCH23:1166,23
YCH23:1167,25
YCH23:1168,23
YCH23:1169,25
YCH23:1170,26
YCH23:1171,24
YCH23:1172,21
YCH23:1173,25
YCH23:1174,24
YCH23:1175,26
YCH23:1176,26
YCH23:1177,18
YCH23:1178,24
YCH23:1179,27
YCH23:1180,25
YCH23:1181,22
YCH23:1182,24
YCH23:1183,26
YCH23:1184,24
YCH23:1185,24
YCH23:1186,25
YCH23:1187,25
YCH23:1188,23
YCH23:1189,21
YCH23:1190,22
YCH23:1191,27
YCH23:1192,25
YCH23:1193,27
YCH23:1194,26
YCH23:1195,24
YCH23:1196,27
YCH23:1197,21
YCH23:1198,22
YCH23:1199,26
YCH23:1200,24
YCH23:1201,24
YCH23:1202,24
YCH23:1203,26
YCH23:1204,24
YCH23:1205,24
YCH23:1206,25
YCH23:1207,25
YCH23:1208,22
YCH23:1209,25
YCH23:1210,27
YCH23:1211,26
YCH23:1212,24
YCH23:1213,22
YCH23:1214,22
YCH23:1215,20
YCH23:1216,22
YCH23:1217,26
YCH23:1218,25
YCH23:1219,25
YCH23:1220,24
YCH23:1221,25
YCH23:1222,23
YCH23:1223,26
YCH23:1224,24
YCH23:1225,23
YCH23:1226,23
YCH23:1227,25
YCH23:1228,15
YCH23:1229,23
YCH23:1230,26
YCH23:1231,27
YCH23:1232,22
YCH23:1233,23
YCH23:1234,24
YCH23:1235,25
YCH23:1236,25
YCH23:1237,17
YCH23:1238,23
YCH23:1239,25
YCH23:1240,23
YCH23:1241,17
YCH23:1242,25
YCH23:1243,25
YCH23:1244,22
YCH23:1245,21
YCH23:1246,26
YCH23:1247,21
YCH23:1248,26
YCH23:1249,16
YCH23:1250,21
YCH23:1251,24
YCH23:1252,23
YCH23:1253,22
YCH23:1254,25
YCH23:1255,25
YCH23:1256,20
YCH23:1257,20
YCH23:1258,25
YCH23:1259,26
YCH23:1260,23
YCH23:1261,23
YCH23:1262,25
YCH23:1263,21
YCH23:1264,26
YCH23:1265,24
YCH23:1266,23
YCH23:1267,23
YCH23:1268,24
YCH23:1269,20
YCH23:1270,23
YCH23:1271,26
YCH23:1272,22
YCH23:1273,22
YCH23:1274,25
YCH23:1275,26
YCH23:1276,23
YCH23:1277,26
YCH23:1278,19
YCH23:1279,25
YCH23:1280,25
YCH23:1281,23
YCH23:1282,24
YCH23:1283,21
YCH23:1284,26
YCH23:1285,21
YCH23:1286,17
YCH23:1287,21
YCH23:1288,24
YCH23:1289,26
YCH23:1290,24
YCH23:1291,24
YCH23:1292,22
YCH23:1293,23
YCH23:1294,25
YCH23:1295,24
YCH23:1296,27
YCH23:1297,26
YCH23:1298,27
YCH23:1299,23
YCH23:1300,21
YCH23:1301,25
YCH23:1302,26
YCH23:1303,24
YCH23:1304,24
YCH23:1305,25
YCH23:1306,23
YCH23:1307,27
YCH23:1308,23
YCH23:1309,25
YCH23:1310,26
YCH23:1311,25
YCH23:1312,25
YCH23:1313,20
YCH23:1314,25
YCH23:1315,26
YCH23:1316,20
YCH23:1317,21
YCH23:1318,22
YCH23:1319,22
YCH23:1320,26
YCH23:1321,21
YCH23:1322,25
YCH23:1323,25
YCH23:1324,25
YCH23:1325,25
YCH23:1326,24
YCH23:1327,21
YCH23:1328,22
YCH23:1329,23
YCH23:1330,23
YCH23:1331,23
YCH23:1332,20
YCH23:1333,23
YCH23:1334,27
YCH23:1335,26
YCH23:1336,25
YCH23:1337,25
YCH23:1338,24
YCH23:1339,25
YCH23:1340,23
YCH23:1341,24
YCH23:1342,25
YCH23:1343,24
YCH23:1344,25
YCH23:1345,25
YCH23:1346,23
YCH23:1347,23
YCH23:1348,25
YCH23:1349,25
YCH23:1350,25
YCH23:1351,25
YCH23:1352,24
YCH23:1353,27
YCH23:1354,26
YCH23:1355,24
YCH23:1356,23
YCH23:1357,22
YCH23:1358,25
YCH23:1359,26
YCH23:1360,25
YCH23:1361,25
YCH23:1362,25
YCH23:1363,25
YCH23:1364,24
YCH23:1365,25
YCH23:1366,25
YCH23:1367,25
YCH23:1368,25
YCH23:1369,23
YCH23:1370,25
YCH23:1371,25
YCH23:1372,21
YCH23:1373,27
YCH23:1374,26
YCH23:1375,23
YCH23:1376,23
YCH23:1377,24
YCH23:1378,22
YCH23:1379,25
YCH23:1380,22
YCH23:1381,21
YCH23:1382,26
YCH23:1383,26
YCH23:1384,26
YCH23:1385,26
YCH23:1386,26
YCH23:1387,27
YCH23:1388,23
YCH23:1389,20
YCH23:1390,26
YCH23:1391,26
YCH23:1392,25
YCH23:1393,21
YCH23:1394,25
YCH23:1395,27
YCH23:1396,24
YCH23:1397,25
YCH23:1398,24
YCH23:1399,23
YCH23:1400,24
YCH23:1401,25
YCH23:1402,25
YCH23:1403,25
YCH23:1404,25
YCH23:1405,23
YCH23:1406,25
YCH23:1407,25
YCH23:1408,24
YCH23:1409,22
YCH23:1410,24
YCH23:1411,26
YCH23:1412,24
YCH23:1413,25
YCH23:1414,22
YCH23:1415,26
YCH23:1416,26
YCH23:1417,22
YCH23:1418,28
YCH23:1419,24
YCH23:1420,26
YCH23:1421,25
YCH23:1422,25
YCH23:1423,25
YCH23:1424,25
YCH23:1425,24
YCH23:1426,25
YCH23:1427,25
YCH23:1428,22
YCH23:1429,22
YCH23:1430,21
YCH23:1431,22
YCH23:1432,26
YCH23:1433,23
YCH23:1434,25
YCH23:1435,25
YCH23:1436,15
YCH23:1437,23
YCH23:1438,26
YCH23:1439,24
YCH23:1440,22
YCH23:1441,24
YCH23:1442,25
YCH23:1443,25
YCH23:1444,23
YCH23:1445,27
YCH23:1446,22
YCH23:1447,23
YCH23:1448,26
YCH23:1449,24
YCH23:1450,24
YCH23:1451,24
YCH23:1452,26
YCH23:1453,27
YCH23:1454,26
YCH23:1455,25
YCH23:1456,27
YCH23:1457,25
YCH23:1458,27
YCH23:1459,23
YCH23:1460,24
YCH23:1461,22
YCH23:1462,26
YCH23:1463,23
YCH23:1464,26
YCH23:1465,23
YCH23:1466,27
YCH23:1467,23
YCH23:1468,24
YCH23:1469,15
YCH23:1470,24
YCH23:1471,25
YCH23:1472,21
YCH23:1473,24
YCH23:1474,23
YCH23:1475,27
YCH23:1476,27
YCH23:1477,25
YCH23:1478,25
YCH23:1479,25
YCH23:1480,24
YCH23:1481,26
YCH23:1482,23
YCH23:1483,24
YCH23:1484,25
YCH23:1485,24
YCH23:1486,25
YCH23:1487,23
YCH23:1488,26
YCH23:1489,23
YCH23:1490,23
YCH23:1491,23
YCH23:1492,24
YCH23:1493,23
YCH23:1494,26
YCH23:1495,22
YCH23:1496,22
YCH23:1497,25
YCH23:1498,25
YCH23:1499,25
YCH23:1500,25
YCH23:1501,22
YCH23:1502,26
YCH23:1503,24
YCH23:1504,23
YCH23:1505,24
YCH23:1506,27
YCH23:1507,25
YCH23:1508,23
YCH23:1509,23
YCH23:1510,26
YCH23:1511,23
YCH23:1512,25
YCH23:1513,22
YCH23:1514,26
YCH23:1515,25
YCH23:1516,25
YCH23:1517,21
YCH23:1518,24
YCH23:1519,23
YCH23:1520,24
YCH23:1521,25
YCH23:1522,23
YCH23:1523,24
YCH23:1524,23
YCH23:1525,21
YCH23:1526,26
YCH23:1527,26
YCH23:1528,24
YCH23:1529,24
YCH23:1530,26
YCH23:1531,27
YCH23:1532,23
YCH23:1533,25
YCH23:1534,26
YCH23:1535,26
YCH23:1536,27
YCH23:1537,25
YCH23:1538,23
YCH23:1539,26
YCH23:1540,24
YCH23:1541,24
YCH23:1542,26
YCH23:1543,24
YCH23:1544,25
YCH23:1545,24
YCH23:1546,23
YCH23:1547,24
YCH23:1548,25
YCH23:1549,24
YCH23:1550,22
YCH23:1551,26
YCH23:1552,17
YCH23:1553,27
YCH23:1554,26
YCH23:1555,22
YCH23:1556,21
YCH23:1557,24
YCH23:1558,21
YCH23:1559,24
YCH23:1560,23
YCH23:1561,23
YCH23:1562,24
YCH23:1563,23
YCH23:1564,23
YCH23:1565,26
YCH23:1566,24
YCH23:1567,25
YCH23:1568,22
YCH23:1569,20
YCH23:1570,23
YCH23:1571,20
YCH23:1572,23
YCH23:1573,22
YCH23:1574,25
YCH23:1575,21
YCH23:1576,22
YCH23:1577,25
YCH23:1578,22
YCH23:1579,26
YCH23:1580,24
YCH23:1581,24
YCH23:1582,23
YCH23:1583,25
YCH23:1584,20
YCH23:1585,24
YCH23:1586,26
YCH23:1587,25
YCH23:1588,23
YCH23:1589,25
YCH23:1590,23
YCH23:1591,25
YCH23:1592,23
YCH23:1593,23
YCH23:1594,24
YCH23:1595,22
YCH23:1596,21
YCH23:1597,24
YCH23:1598,25
YCH23:1599,23
YCH23:1600,24
YCH23:1601,27
YCH23:1602,24
YCH23:1603,24
YCH23:1604,26
YCH23:1605,26
YCH23:1606,25
YCH23:1607,25
YCH23:1608,25
YCH23:1609,23
YCH23:1610,20
YCH23:1611,21
YCH23:1612,26
YCH23:1613,23
YCH23:1614,26
YCH23:1615,22
YCH23:1616,27
YCH23:1617,21
YCH23:1618,26
YCH23:1619,24
YCH23:1620,24
YCH23:1621,23
YCH23:1622,24
YCH23:1623,26
YCH23:1624,26
YCH23:1625,21
YCH23:1626,27
YCH23:1627,26
YCH23:1628,23
YCH23:1629,22
YCH23:1630,25
YCH23:1631,25
YCH23:1632,25
YCH23:1633,25
YCH23:1634,24
YCH23:1635,26
YCH23:1636,24
YCH23:1637,23
YCH23:1638,24
YCH23:1639,25
YCH23:1640,22
YCH23:1641,21
YCH23:1642,24
YCH23:1643,24
YCH23:1644,24
YCH23:1645,19
YCH23:1646,22
YCH23:1647,23
YCH23:1648,24
YCH23:1649,23
YCH23:1650,27
YCH23:1651,22
YCH23:1652,20
YCH23:1653,23
YCH23:1654,21
YCH23:1655,24
YCH23:1656,21
YCH23:1657,24
YCH23:1658,23
YCH23:1659,24
YCH23:1660,23
YCH23:1661,20
YCH23:1662,25
YCH23:1663,25
YCH23:1664,25
YCH23:1665,20
YCH23:1666,22
YCH23:1667,21
YCH23:1668,26
YCH23:1669,28
YCH23:1670,22
YCH23:1671,20
YCH23:1672,23
YCH23:1673,23
YCH23:1674,23
YCH23:1675,24
YCH23:1676,24
YCH23:1677,22
YCH23:1678,26
YCH23:1679,26
YCH23:1680,25
YCH23:1681,21
YCH23:1682,26
YCH23:1683,22
YCH23:1684,23
YCH23:1685,20
YCH23:1686,27
YCH23:1687,25
YCH23:1688,24
YCH23:1689,23
YCH23:1690,24
YCH23:1691,23
YCH23:1692,25
YCH23:1693,24
YCH23:1694,26
YCH23:1695,25
YCH23:1696,26
YCH23:1697,21
YCH23:1698,27
YCH23:1699,26
YCH23:1700,26
YCH23:1701,23
YCH23:1702,23
YCH23:1703,21
YCH23:1704,23
YCH23:1705,23
YCH23:1706,25
YCH23:1707,25
YCH23:1708,24
YCH23:1709,21
YCH23:1710,27
YCH23:1711,21
YCH23:1712,23
YCH23:1713,24
YCH23:1714,27
YCH23:1715,21
YCH23:1716,26
YCH23:1717,21
YCH23:1718,21
YCH23:1719,23
YCH23:1720,26
YCH23:1721,25
YCH23:1722,25
YCH23:1723,24
YCH23:1724,25
YCH23:1725,22
YCH23:1726,22
YCH23:1727,26
YCH23:1728,25
YCH23:1729,24
YCH23:1730,26
YCH23:1731,25
YCH23:1732,23
YCH23:1733,25
YCH23:1734,25
YCH23:1735,23
YCH23:1736,25
YCH23:1737,26
YCH23:1738,25
YCH23:1739,20
YCH23:1740,26
YCH23:1741,27
YCH23:1742,23
YCH23:1743,27
YCH23:1744,26
YCH23:1745,25
YCH23:1746,24
YCH23:1747,24
YCH23:1748,22
YCH23:1749,25
YCH23:1750,26
YCH23:1751,25
YCH23:1752,24
YCH23:1753,24
YCH23:1754,23
YCH23:1755,26
YCH23:1756,25
YCH23:1757,26
YCH23:1758,26
YCH23:1759,26
YCH23:1760,22
YCH23:1761,26
YCH23:1762,25
YCH23:1763,24
YCH23:1764,23
YCH23:1765,25
YCH23:1766,27
YCH23:1767,25
YCH23:1768,25
YCH23:1769,25
YCH23:1770,25
YCH23:1771,24
YCH23:1772,21
YCH23:1773,26
YCH23:1774,26
YCH23:1775,26
YCH23:1776,25
YCH23:1777,25
YCH23:1778,23
YCH23:1779,26
YCH23:1780,25
YCH23:1781,25
YCH23:1782,22
YCH23:1783,26
YCH23:1784,20
YCH23:1785,26
YCH23:1786,23
YCH23:1787,22
YCH23:1788,24
YCH23:1789,26
YCH23:1790,20
YCH23:1791,27
YCH23:1792,23
YCH23:1793,25
YCH23:1794,18
YCH23:1795,24
YCH23:1796,24
YCH23:1797,27
YCH23:1798,24
YCH23:1799,26
YCH23:1800,23
YCH23:1801,23
YCH23:1802,24
YCH23:1803,26
YCH23:1804,20
YCH23:1805,23
YCH23:1806,24
YCH23:1807,25
YCH23:1808,21
YCH23:1809,26
YCH23:1810,23
YCH23:1811,25
YCH23:1812,26
YCH23:1813,22
YCH23:1814,25
YCH23:1815,24
YCH23:1816,26
YCH23:1817,25
YCH23:1818,20
YCH23:1819,25
YCH23:1820,25
YCH23:1821,25
YCH23:1822,25
YCH23:1823,25
YCH23:1824,22
YCH23:1825,23
YCH23:1826,26
YCH23:1827,26
YCH23:1828,25
YCH23:1829,22
YCH23:1830,26
YCH23:1831,26
YCH23:1832,25
YCH23:1833,23
YCH23:1834,25
YCH23:1835,22
YCH23:1836,26
YCH23:1837,24
YCH23:1838,26
YCH23:1839,24
YCH23:1840,24
YCH23:1841,25
YCH23:1842,23
YCH23:1843,26
YCH23:1844,25
YCH23:1845,25
YCH23:1846,22
YCH23:1847,22
YCH23:1848,22
YCH23:1849,18
YCH23:1850,21
YCH23:1851,26
YCH23:2001,22
YCH23:2002,21
YCH23:2003,23
YCH23:2004,24
YCH23:2005,23
YCH23:2006,20
YCH23:2007,22
YCH23:2008,22
YCH23:2009,25
YCH23:2010,26
YCH23:2011,24
YCH23:2012,23
YCH23:2013,24
YCH23:2014,24
YCH23:2015,23
YCH23:2016,23
YCH23:2017,22
YCH23:2018,23
YCH23:2019,25
YCH23:2020,25
YCH23:2021,23
YCH23:2022,24
YCH23:2023,26
YCH23:2024,25
YCH23:2025,24
YCH23:2026,25
YCH23:2027,25
YCH23:2028,23
YCH23:2029,20
YCH23:2030,22
YCH23:2031,25
YCH23:2032,23
YCH23:2033,22
YCH23:2034,23
YCH23:2035,25
YCH23:2036,24
YCH23:2037,26
YCH23:2038,22
YCH23:2039,22
YCH23:2040,24
YCH23:2041,22
YCH23:2042,21
YCH23:2043,24
YCH23:2044,21
YCH23:2045,24
YCH23:2046,25
YCH23:2047,23
YCH23:2048,22
YCH23:2049,22
YCH23:2050,24
YCH23:2051,25
YCH23:2052,23
YCH23:2053,25
YCH23:2054,25
YCH23:2055,21
YCH23:2056,26
YCH23:2057,22
YCH23:2058,25
YCH23:2059,22
YCH23:2060,26
YCH23:2061,24
YCH23:2062,23
YCH23:2063,26
YCH23:2064,26
YCH23:2065,25
YCH23:2066,24
YCH23:2067,26
YCH23:2068,23
YCH23:2069,22
YCH23:2070,23
YCH23:2071,25
YCH23:2072,26
YCH23:2073,22
YCH23:2074,23
YCH23:2075,25
YCH23:2076,23
YCH23:2077,24
YCH23:2078,24
YCH23:2079,27
YCH23:2080,22
YCH23:2081,26
YCH23:2082,24
YCH23:2083,17
YCH23:2084,22
YCH23:2085,26
YCH23:2086,23
YCH23:2087,27
YCH23:2088,24
YCH23:2089,23
YCH23:2090,25
YCH23:2091,20
YCH23:2092,26
YCH23:2093,21
YCH23:2094,20
YCH23:2095,24
YCH23:2096,26
YCH23:2097,24
YCH23:2098,27
YCH23:2099,23
YCH23:2100,20
YCH23:2101,22
YCH23:2102,23
YCH23:2103,24
YCH23:2104,26
YCH23:2105,25
YCH23:2106,16
YCH23:2107,6
YCH23:2108,24
YCH23:2109,26
YCH23:2110,21
YCH23:2111,25
YCH23:2112,23
YCH23:2113,25
YCH23:2114,24
YCH23:2115,22
YCH23:2116,24
YCH23:2117,23
YCH23:2118,24
YCH23:2119,23
YCH23:2120,20
YCH23:2121,22
YCH23:2122,24
YCH23:2123,21
YCH23:2124,19
YCH23:2125,19
YCH23:2126,21
YCH23:2127,22
YCH23:2128,22
YCH23:2129,21
YCH23:2130,22
YCH23:2131,24
YCH23:2132,22
YCH23:2133,25
YCH23:2134,23
YCH23:2135,23
YCH23:2136,25
YCH23:2137,24
YCH23:2138,23
YCH23:2139,19
YCH23:2140,21
YCH23:2141,23
YCH23:2142,21
YCH23:2143,20
YCH23:2144,23
YCH23:2145,22
YCH23:2146,17
YCH23:2147,24
YCH23:2148,23
YCH23:2149,24
YCH23:2150,23
YCH23:2151,25
YCH23:2152,23
YCH23:2153,22
YCH23:2154,20
YCH23:2155,22
YCH23:2156,23
YCH23:2157,22
YCH23:2158,26
YCH23:2159,25
YCH23:2160,23
YCH23:2161,24
YCH23:2162,20
YCH23:2163,25
YCH23:2164,23
YCH23:2165,24
YCH23:2166,22
YCH23:2167,22
YCH23:2168,23
YCH23:2169,24
YCH23:2170,24
YCH23:2171,22
YCH23:2172,23
YCH23:2173,23
YCH23:2174,21
YCH23:2175,25
YCH23:2176,21
YCH23:2177,24
YCH23:2178,24
YCH23:2179,22
YCH23:2180,23
YCH23:2181,26
YCH23:2182,23
YCH23:2183,23
YCH23:2184,24
YCH23:2185,23
YCH23:2186,22
YCH23:2187,21
YCH23:2188,23
YCH23:2189,22
YCH23:2190,24
YCH23:2191,23
YCH23:2192,23
YCH23:2193,24
YCH23:2194,15
YCH23:2195,24
YCH23:2196,25
YCH23:2197,22
YCH23:2198,23
YCH23:2199,24
YCH23:2200,25
YCH23:2201,27
YCH23:2202,24
YCH23:2203,27
YCH23:2204,23
YCH23:2205,25
YCH23:2206,25
YCH23:2207,25
YCH23:2208,22
YCH23:2209,25
YCH23:2210,22
YCH23:2211,26
YCH23:2212,23
YCH23:2213,23
YCH23:2214,23
YCH23:2215,26
YCH23:2216,26
YCH23:2217,26
YCH23:2218,22
YCH23:2219,26
YCH23:2220,19
YCH23:2221,21
YCH23:2222,19
YCH23:2223,25
YCH23:2224,20
YCH23:2225,23
YCH23:2226,23
YCH23:2227,24
YCH23:2228,22
YCH23:2229,23
YCH23:2230,21
YCH23:2231,20
YCH23:2232,22
YCH23:2233,24
YCH23:2234,20
YCH23:2235,22
YCH23:2236,22
YCH23:2237,19
YCH23:2238,20
YCH23:2239,21
YCH23:2240,24
YCH23:2241,22
YCH23:2242,21
YCH23:2243,22
YCH23:2244,21
YCH23:2245,21
YCH23:2246,26
YCH23:2247,23
YCH23:2248,25
YCH23:2249,23
YCH23:2250,21
YCH23:2251,18
YCH23:2252,22
YCH23:2253,25
YCH23:2254,25
YCH23:2255,25
YCH23:2256,26
YCH23:2257,24
YCH23:2258,26
YCH23:2259,24
YCH23:2260,20
YCH23:2261,23
YCH23:2262,25
YCH23:2263,24
YCH23:2264,25
YCH23:2265,24
YCH23:2266,26
YCH23:2267,23
YCH23:2268,23
YCH23:2269,23
YCH23:2270,21
YCH23:2271,24
YCH23:2272,23
YCH23:2273,22
YCH23:2274,24
YCH23:2275,24
YCH23:2276,19
YCH23:2277,19
YCH23:2278,20
YCH23:2279,26
YCH23:2280,22
YCH23:2281,25
YCH23:2282,26
YCH23:2283,25
YCH23:2284,22
YCH23:2285,19
YCH23:2286,18
YCH23:2287,22
YCH23:2288,24
YCH23:2289,22
YCH23:2290,23
YCH23:2291,22
YCH23:2292,25
YCH23:2293,26
YCH23:2294,24
YCH23:2295,24
YCH23:2296,25
YCH23:2297,24
YCH23:2298,26
YCH23:2299,22
YCH23:2300,24
YCH23:2301,13
YCH23:2302,24
YCH23:2303,26
YCH23:2304,25
YCH23:2305,25
YCH23:2306,23
YCH23:2307,23
YCH23:2308,25
YCH23:2309,26
YCH23:2310,23
YCH23:2311,20
YCH23:2312,24
YCH23:2313,23
YCH23:2314,25
YCH23:2315,23
YCH23:2316,25
YCH23:2317,23
YCH23:2318,24
YCH23:2319,25
YCH23:2320,18
YCH23:2321,21
YCH23:2322,26
YCH23:2323,25
YCH23:2324,23
YCH23:2325,24
YCH23:2326,24
YCH23:2327,25
YCH23:2328,25
YCH23:2329,24
YCH23:2330,25
YCH23:2331,27
YCH23:2332,24
YCH23:2333,23
YCH23:2334,25
YCH23:2335,23
YCH23:2336,19
YCH23:2337,23
YCH23:2338,25
YCH23:2339,25
YCH23:2340,21
YCH23:2341,20
YCH23:2342,24
YCH23:2343,26
YCH23:2344,26
YCH23:2345,23
YCH23:2346,24
YCH23:2347,23
YCH23:2348,23
YCH23:2349,25
YCH23:2350,23
YCH23:2351,27
YCH23:2352,26
YCH23:2353,20
YCH23:2354,25
YCH23:2355,24
YCH23:2356,26
YCH23:2357,27
YCH23:2358,24
YCH23:2359,25
YCH23:2360,16
YCH23:2361,25
YCH23:2362,26
YCH23:2363,25
YCH23:2364,26
YCH23:2365,23
YCH23:2366,24
YCH23:2367,24
YCH23:2368,22
YCH23:2369,22
YCH23:2370,22
YCH23:2371,21
YCH23:2372,24
YCH23:2373,25
YCH23:2374,25
YCH23:2375,24
YCH23:2376,21
YCH23:2377,24
YCH23:2378,21
YCH23:2379,22
YCH23:2380,23
YCH23:2381,23
YCH23:2382,24
YCH23:2383,19
YCH23:2384,22
YCH23:2385,21
YCH23:2386,24
YCH23:2387,21
YCH23:2388,19
YCH23:2389,23
YCH23:2390,21
YCH23:2391,22
YCH23:2392,22
YCH23:2393,22
YCH23:2394,20
YCH23:2395,23
YCH23:2396,21
YCH23:2397,24
YCH23:2398,24
YCH23:2399,27
YCH23:2400,21
YCH23:2401,25
YCH23:2402,24
YCH23:2403,24
YCH23:2404,23
YCH23:2405,22
YCH23:2406,24
YCH23:2407,23
YCH23:2408,24
YCH23:2409,21
YCH23:2410,25
YCH23:2411,25
YCH23:2412,23
YCH23:2413,25
YCH23:2414,24
YCH23:2415,20
YCH23:2416,22
YCH23:2417,26
YCH23:2418,22
YCH23:2419,26
YCH23:2420,22
YCH23:2421,22
YCH23:2422,25
YCH23:2423,24
YCH23:2424,26
YCH23:2425,24
YCH23:2426,24
YCH23:2427,20
YCH23:2428,25
YCH23:2429,20
YCH23:2430,22
YCH23:2431,25
YCH23:2432,21
YCH23:2433,21
YCH23:2434,23
YCH23:2435,20
YCH23:2436,25
YCH23:2437,22
YCH23:2438,23
YCH23:2439,23
YCH23:2440,23
YCH23:2441,23
YCH23:2442,22
YCH23:2443,24
YCH23:2444,23
YCH23:2445,17
YCH23:2446,25
YCH23:2447,26
YCH23:2448,24
YCH23:2449,22
YCH23:2450,25
YCH23:2451,25
YCH23:2452,22
YCH23:2453,26
YCH23:2454,24
YCH23:2455,22
YCH23:2456,20
YCH23:2457,22
YCH23:2458,25
YCH23:2459,23
YCH23:2460,25
YCH23:2461,25
YCH23:2462,23
YCH23:2463,23
YCH23:2464,24
YCH23:2465,21
YCH23:2466,24
YCH23:2467,17
YCH23:2468,23
YCH23:2469,21
YCH23:2470,19
YCH23:2471,21
YCH23:2472,22
YCH23:2473,15
YCH23:2474,25
YCH23:2475,24
YCH23:2476,22
YCH23:2477,22
YCH23:2478,20
YCH23:2479,25
YCH23:2480,21
YCH23:2481,23
YCH23:2482,24
YCH23:2483,22
YCH23:2484,24
YCH23:2485,25
YCH23:2486,24
YCH23:2487,22
YCH23:2488,22
YCH23:2489,22
YCH23:2490,23
YCH23:2491,25
YCH23:2492,21
YCH23:2493,24
YCH23:2494,22
YCH23:2495,25
YCH23:2496,25
YCH23:2497,24
YCH23:2498,26
YCH23:2499,22
YCH23:2500,24
YCH23:2501,23
YCH23:2502,23
YCH23:2503,21
YCH23:2504,22
YCH23:2505,22
YCH23:2506,21
YCH23:2507,24
YCH23:2508,25
YCH23:2509,17
YCH23:2510,25
YCH23:2511,21
YCH23:2512,24
YCH23:2513,24
YCH23:2514,23
YCH23:2515,24
YCH23:2516,24
YCH23:2517,24
YCH23:2518,24
YCH23:2519,21
YCH23:2520,25
YCH23:2521,23
YCH23:2522,25
YCH23:2523,23
YCH23:2524,20
YCH23:2525,23
YCH23:2526,19
YCH23:2527,24
YCH23:2528,24
YCH23:2529,21
YCH23:2530,25
YCH23:2531,22
YCH23:2532,27
YCH23:2533,22
YCH23:2534,22
YCH23:2535,23
YCH23:2536,25
YCH23:2537,23
YCH23:2538,22
YCH23:2539,24
YCH23:2540,23
YCH23:2541,24
YCH23:2542,22
YCH23:2543,24
YCH23:2544,25
YCH23:2545,27
YCH23:2546,23
YCH23:2547,26
YCH23:2548,21
YCH23:2549,24
YCH23:2550,22
YCH23:2551,25
YCH23:2552,23
YCH23:2553,25
YCH23:2554,25
YCH23:2555,24
YCH23:2556,23
YCH23:2557,20
YCH23:2558,22
YCH23:2559,20
YCH23:2560,24
YCH23:2561,18
YCH23:2562,21
YCH23:2563,24
YCH23:2564,18
YCH23:2565,24
YCH23:2566,22
YCH23:2567,26
YCH23:2568,21
YCH23:2569,26
YCH23:2570,24
YCH23:2571,23
YCH23:2572,23
YCH23:2573,23
YCH23:2574,25
YCH23:2575,25
YCH23:2576,24
YCH23:2577,25
YCH23:2578,23
YCH23:2579,24
YCH23:2580,23
YCH23:2581,23
YCH23:2582,13
YCH23:2583,23
YCH23:2584,24
YCH23:2585,20
YCH23:2586,24
YCH23:2587,22
YCH23:2588,24
YCH23:2589,24
YCH23:2590,20
YCH23:2591,22
YCH23:2592,18
YCH23:2593,24
YCH23:2594,24
YCH23:2595,22
YCH23:2596,24
YCH23:2597,22
YCH23:2598,23
YCH23:2599,23
YCH23:2600,24
YCH23:2601,25
YCH23:2602,22
YCH23:2603,25
YCH23:2604,24
YCH23:2605,26
YCH23:2606,25
YCH23:2607,25
YCH23:2608,24
YCH23:2609,23
YCH23:2610,24
YCH23:2611,23
YCH23:2612,21
YCH23:2613,22
YCH23:2614,21
YCH23:2615,23
YCH23:2616,23
YCH23:2617,26
YCH23:2618,24
YCH23:2619,27
YCH23:2620,20
YCH23:2621,24
YCH23:2622,21
YCH23:2623,23
YCH23:2624,18
YCH23:2625,22
YCH23:2626,23
YCH23:2627,25
YCH23:2628,26
YCH23:2629,22
YCH23:2630,22
YCH23:2631,25
YCH23:2632,24
YCH23:2633,25
YCH23:2634,26
YCH23:2635,23
YCH23:2636,20
YCH23:2637,19
YCH23:2638,25
YCH23:2639,22
YCH23:2640,24
YCH23:2641,24
YCH23:2642,23
YCH23:2643,19
YCH23:2644,21
YCH23:2645,27
YCH23:2646,25
YCH23:2647,24
YCH23:2648,22
YCH23:2649,24
YCH23:2650,24
YCH23:2651,25
YCH23:2652,25
YCH23:2653,18
YCH23:2654,20
YCH23:2655,22
YCH23:2656,25
YCH23:2657,26
YCH23:2658,26
YCH23:2659,25
YCH23:2660,22
YCH23:2661,24
YCH23:2662,22
YCH23:2663,19
YCH23:2664,22
YCH23:2665,22
YCH23:2666,21
YCH23:2667,22
YCH23:2668,25
YCH23:2669,20
YCH23:2670,24
YCH23:2671,26
YCH23:2672,23
YCH23:2673,24
YCH23:2674,22
YCH23:2675,24
YCH23:2676,22
YCH23:2677,19
YCH23:2678,23
YCH23:2679,22
YCH23:2680,25
YCH23:2681,23
YCH23:2682,22
YCH23:2683,24
YCH23:2684,24
YCH23:2685,25
YCH23:2686,23
YCH23:2687,22
YCH23:2688,24
YCH23:2689,23
YCH23:2690,23
YCH23:2691,25
YCH23:2692,24
YCH23:2693,23
YCH23:2694,19
YCH23:2695,21
YCH23:2696,26
YCH23:2697,23
YCH23:2698,24
YCH23:2699,26
YCH23:2700,23
YCH23:2701,23
YCH23:2702,23
YCH23:2703,23
YCH23:2704,27
YCH23:2705,24
YCH23:2706,24
YCH23:2707,26
YCH23:2708,25
YCH23:2709,27
YCH23:2710,25
YCH23:2711,23
YCH23:2712,22
YCH23:2713,23
YCH23:2714,24
YCH23:2715,25
YCH23:2716,22
YCH23:2717,26
YCH23:2718,22
YCH23:2719,24
YCH23:2720,22
YCH23:2721,20
YCH23:2722,24
YCH23:2723,25
YCH23:2724,25
YCH23:2725,25
YCH23:2726,24
YCH23:2727,25
YCH23:2728,25
YCH23:2729,23
YCH23:2730,25
YCH23:2731,21
YCH23:2732,22
YCH23:2733,24
YCH23:2734,26
YCH23:2735,26
YCH23:2736,22
YCH23:2737,24
YCH23:2738,24
YCH23:2739,24
YCH23:2740,26
YCH23:2741,24
YCH23:2742,23
YCH23:2743,25
YCH23:2744,27
YCH23:2745,25
YCH23:2746,24
YCH23:2747,26
YCH23:2748,26
YCH23:2749,21
YCH23:2750,23
YCH23:2751,24
YCH23:2752,21
YCH23:2753,25
YCH23:2754,23
YCH23:2755,23
YCH23:2756,22
YCH23:2757,24
YCH23:2758,24
YCH23:2759,23
YCH23:2760,22
YCH23:2761,24
YCH23:2762,23
YCH23:2763,25
YCH23:2764,24
YCH23:2765,24
YCH23:2766,24
YCH23:2767,25
YCH23:2768,22
YCH23:2769,25
YCH23:2770,21
YCH23:2771,21
YCH23:2772,25
YCH23:2773,22
YCH23:2774,13
YCH23:2775,25
YCH23:2776,25
YCH23:2777,24
YCH23:2778,22
YCH23:2779,21
YCH23:2780,21
YCH23:2781,23
YCH23:2782,24
YCH23:2783,24
YCH23:2784,24
YCH23:2785,22
YCH23:2786,24
YCH23:2787,25
YCH23:2788,24
YCH23:2789,22
YCH23:2790,24
YCH23:2791,22
YCH23:2792,24
YCH23:2793,22
YCH23:2794,27
YCH23:2795,20
YCH23:2796,25
YCH23:2797,18
YCH23:2798,16
YCH23:2799,23
YCH23:2800,25
YCH23:2801,22
YCH23:2802,23
YCH23:2803,23
YCH23:2804,24
YCH23:2805,21
YCH23:2806,24
YCH23:2807,23
YCH23:2808,23
YCH23:2809,24
YCH23:2810,24
YCH23:2811,23
YCH23:2812,23
YCH23:2813,23
YCH23:2814,21
YCH23:2815,24
YCH23:2816,22
YCH23:2817,24
YCH23:2818,25
YCH23:2819,23
YCH23:2820,24
YCH23:2821,22
YCH23:2822,22
YCH23:2823,24
YCH23:2824,22
YCH23:2825,24
YCH23:2826,21
YCH23:2827,23
YCH23:2828,24
YCH23:2829,24
YCH23:2830,18
YCH23:2831,21
YCH23:2832,20
YCH23:2833,25
YCH23:2834,21
YCH23:2835,20
YCH23:2836,22
YCH23:2837,25
YCH23:2838,24
YCH23:2839,24
YCH23:2840,20
YCH23:2841,24
YCH23:2842,23
YCH23:2843,20
YCH23:2844,26
YCH23:2845,25
YCH23:2846,17
YCH23:2847,24
YCH23:2848,24
YCH23:2849,23
YCH23:2850,22
YCH23:2851,19