Year,Location,Plot_Length,Alley_Length,Row_Spacing,Rows_Per_Plot,Seed_Per_Plot,Experiment,Genotype,Rep,Block,Plot,Sample_ID,Date_Planted,Date_Harvested,Stand_Count,Root_Lodging,Stalk_Lodging,Grain_Moisture,Test_Weight,Plot_Weight,Yield,Decade
2022,Saint Paul,19.5,48,30,2,27,Era Hybrids,A632 xW153R,1,4,101001,ERA22:101001,5/11/22,11/22/22,48,,,12.5,62.3,13.25,,1960
2022,Saint Paul,19.5,48,30,2,27,Era Hybrids,A632 xA619,1,5,101002,ERA22:101002,5/11/22,11/22/22,47,,,15.8,60.4,15.66,,1970
2022,Saint Paul,19.5,48,30,2,27,Era Hybrids,B73 xMo17,1,7,101003,ERA22:101003,5/11/22,11/22/22,44,,,16.4,59.9,17.81,,1970
2022,Saint Paul,19.5,48,30,2,27,Era Hybrids,A632 xW64A,1,6,101004,ERA22:101004,5/11/22,11/22/22,39,,,14.1,61.4,13.49,,1970
2022,Saint Paul,19.5,48,30,2,27,Era Hybrids,DKC49-72RIB xDKC49-72RIB,1,14,101005,ERA22:101005,5/11/22,11/22/22,42,,,13,61.9,14.93,,2020
2022,Saint Paul,19.5,48,30,2,27,Era Hybrids,W64A xW117Ht,1,1,101006,ERA22:101006,5/11/22,11/22/22,53,,,11.3,62.5,10.21,,1950
2022,Saint Paul,19.5,48,30,2,27,Era Hybrids,A635 xW64A,1,3,101007,ERA22:101007,5/11/22,11/22/22,47,,,13,62,15.11,,1960
2022,Saint Paul,19.5,48,30,2,27,Era Hybrids,LH146Ht xLH82,1,12,101008,ERA22:101008,5/11/22,11/22/22,47,,,12.3,62.4,17.98,,1990
2022,Saint Paul,19.5,48,30,2,27,Era Hybrids,PHG29 xPHG47,1,8,101009,ERA22:101009,5/11/22,11/22/22,43,,,12.1,62.3,16.17,,1980
2022,Saint Paul,19.5,48,30,2,27,Era Hybrids,LH145 xLH38,1,9,101010,ERA22:101010,5/11/22,11/22/22,48,,,13.2,61.8,15.86,,1980
2022,Saint Paul,19.5,48,30,2,27,Era Hybrids,LH74 xLH51,1,10,101011,ERA22:101011,5/11/22,11/22/22,46,,,15.5,60.4,20.05,,1980
2022,Saint Paul,19.5,48,30,2,27,Era Hybrids,LH227 xLH295,1,13,101012,ERA22:101012,5/11/22,11/22/22,30,,,13.9,61.2,14.63,,2000
2022,Saint Paul,19.5,48,30,2,27,Era Hybrids,Commercial Hybrid 2 xCommercial Hybrid 2,1,15,101013,ERA22:101013,5/11/22,11/22/22,42,,,13.1,61.8,18.02,,
2022,Saint Paul,19.5,48,30,2,27,Era Hybrids,W64A xOh43,1,2,101014,ERA22:101014,5/11/22,11/22/22,49,,,15.1,60.5,16.65,,1950
2022,Saint Paul,19.5,48,30,2,27,Era Hybrids,PHRE1 xPHP02,1,11,101015,ERA22:101015,5/11/22,11/22/22,35,,,12.2,62.2,14.49,,1990
2022,Saint Paul,19.5,48,30,2,27,Era Hybrids,A632 xW64A,2,6,102001,ERA22:102001,5/11/22,11/22/22,40,,,14.1,61.2,15.82,,1970
2022,Saint Paul,19.5,48,30,2,27,Era Hybrids,LH146Ht xLH82,2,12,102002,ERA22:102002,5/11/22,11/22/22,43,,,11.5,62.6,12.68,,1990
2022,Saint Paul,19.5,48,30,2,27,Era Hybrids,PHG29 xPHG47,2,8,102003,ERA22:102003,5/11/22,11/22/22,48,,,11.9,62.3,15.9,,1980
2022,Saint Paul,19.5,48,30,2,27,Era Hybrids,Commercial Hybrid 2 xCommercial Hybrid 2,2,15,102004,ERA22:102004,5/11/22,11/22/22,42,,,12.5,62.1,19.72,,
2022,Saint Paul,19.5,48,30,2,27,Era Hybrids,LH227 xLH295,2,13,102005,ERA22:102005,5/11/22,11/22/22,38,,,12.6,62,16.68,,2000
2022,Saint Paul,19.5,48,30,2,27,Era Hybrids,A632 xA619,2,5,102006,ERA22:102006,5/11/22,11/22/22,48,,,15.4,60.2,15.46,,1970
2022,Saint Paul,19.5,48,30,2,27,Era Hybrids,DKC49-72RIB xDKC49-72RIB,2,14,102007,ERA22:102007,5/11/22,11/22/22,47,,,12,62.3,15.74,,2020
2022,Saint Paul,19.5,48,30,2,27,Era Hybrids,B73 xMo17,2,7,102008,ERA22:102008,5/11/22,11/22/22,43,,,13.3,61.1,12.59,,1970
2022,Saint Paul,19.5,48,30,2,27,Era Hybrids,LH145 xLH38,2,9,102009,ERA22:102009,5/11/22,11/22/22,43,,,11.7,62.2,12.01,,1980
2022,Saint Paul,19.5,48,30,2,27,Era Hybrids,W64A xW117Ht,2,1,102010,ERA22:102010,5/11/22,11/22/22,47,,,9.18,63.4,10.01,,1950
2022,Saint Paul,19.5,48,30,2,27,Era Hybrids,LH74 xLH51,2,10,102011,ERA22:102011,5/11/22,11/22/22,45,,,14.4,60.6,15.11,,1980
2022,Saint Paul,19.5,48,30,2,27,Era Hybrids,A632 xW153R,2,4,102012,ERA22:102012,5/11/22,11/22/22,50,,,,,,,1960
2022,Saint Paul,19.5,48,30,2,27,Era Hybrids,PHRE1 xPHP02,2,11,102013,ERA22:102013,5/11/22,11/22/22,30,,,11.2,62.6,11.82,,1990
2022,Saint Paul,19.5,48,30,2,27,Era Hybrids,A635 xW64A,2,3,102014,ERA22:102014,5/11/22,11/22/22,45,,,11.5,62.5,11.48,,1960
2022,Saint Paul,19.5,48,30,2,27,Era Hybrids,W64A xOh43,2,2,102015,ERA22:102015,5/11/22,11/22/22,36,,,14.1,60.8,12.75,,1950
2022,Saint Paul,19.5,48,30,2,27,Era Hybrids,A635 xW64A,3,3,103001,ERA22:103001,5/19/22,11/22/22,50,,,11.4,62.2,9.66,,1960
2022,Saint Paul,19.5,48,30,2,27,Era Hybrids,PHG29 xPHG47,3,8,103002,ERA22:103002,5/19/22,11/22/22,32,,,12.2,62.1,13.64,,1980
2022,Saint Paul,19.5,48,30,2,27,Era Hybrids,W64A xOh43,3,2,103003,ERA22:103003,5/19/22,11/22/22,34,,,13.9,60.5,11.92,,1950
2022,Saint Paul,19.5,48,30,2,27,Era Hybrids,DKC49-72RIB xDKC49-72RIB,3,14,103004,ERA22:103004,5/19/22,11/22/22,32,,,12.5,61.9,16.08,,2020
2022,Saint Paul,19.5,48,30,2,27,Era Hybrids,LH74 xLH51,3,10,103005,ERA22:103005,5/19/22,11/22/22,39,,,15.2,60.3,13.63,,1980
2022,Saint Paul,19.5,48,30,2,27,Era Hybrids,A632 xW64A,3,6,103006,ERA22:103006,5/19/22,11/22/22,38,,,14,61.2,13.89,,1970
2022,Saint Paul,19.5,48,30,2,27,Era Hybrids,B73 xMo17,3,7,103007,ERA22:103007,5/19/22,11/22/22,26,,,16.5,59.6,14.7,,1970
2022,Saint Paul,19.5,48,30,2,27,Era Hybrids,LH145 xLH38,3,9,103008,ERA22:103008,5/19/22,11/22/22,34,,,12.7,61.9,14.37,,1980
2022,Saint Paul,19.5,48,30,2,27,Era Hybrids,A632 xA619,3,5,103009,ERA22:103009,5/19/22,11/22/22,32,,,15.4,60.3,19,,1970
2022,Saint Paul,19.5,48,30,2,27,Era Hybrids,A632 xW153R,3,4,103010,ERA22:103010,5/19/22,11/22/22,36,,,12.5,62.1,14.71,,1960
2022,Saint Paul,19.5,48,30,2,27,Era Hybrids,W64A xW117Ht,3,1,103011,ERA22:103011,5/19/22,11/22/22,25,,,12.4,61.7,10.66,,1950
2022,Saint Paul,19.5,48,30,2,27,Era Hybrids,LH227 xLH295,3,13,103012,ERA22:103012,5/19/22,11/22/22,26,,,13.3,61.6,13.97,,2000
2022,Saint Paul,19.5,48,30,2,27,Era Hybrids,LH146Ht xLH82,3,12,103013,ERA22:103013,5/19/22,11/22/22,38,,,12.8,62.2,14.97,,1990
2022,Saint Paul,19.5,48,30,2,27,Era Hybrids,PHRE1 xPHP02,3,11,103014,ERA22:103014,5/19/22,11/22/22,16,,,11.5,62,8.75,,1990
2022,Saint Paul,19.5,48,30,2,27,Era Hybrids,Commercial Hybrid 2 xCommercial Hybrid 2,3,15,103015,ERA22:103015,5/19/22,11/22/22,41,,,13.3,61.9,16.34,,
2022,Saint Paul,19.5,48,30,2,27,Era Hybrids,B73 xMo17,4,7,104001,ERA22:104001,5/19/22,11/22/22,36,,,17.5,59.3,15.75,,1970
2022,Saint Paul,19.5,48,30,2,27,Era Hybrids,PHG29 xPHG47,4,8,104002,ERA22:104002,5/19/22,11/22/22,31,,,12.4,62.1,11.97,,1980
2022,Saint Paul,19.5,48,30,2,27,Era Hybrids,A632 xA619,4,5,104003,ERA22:104003,5/19/22,11/22/22,28,,,15.2,60.5,14.06,,1970
2022,Saint Paul,19.5,48,30,2,27,Era Hybrids,LH145 xLH38,4,9,104004,ERA22:104004,5/19/22,11/22/22,29,,,13.2,61.6,12.2,,1980
2022,Saint Paul,19.5,48,30,2,27,Era Hybrids,A632 xW64A,4,6,104005,ERA22:104005,5/19/22,11/22/22,29,,,13.9,61.4,13.05,,1970
2022,Saint Paul,19.5,48,30,2,27,Era Hybrids,LH74 xLH51,4,10,104006,ERA22:104006,5/19/22,11/22/22,23,,,15.8,59.9,11.98,,1980
2022,Saint Paul,19.5,48,30,2,27,Era Hybrids,Commercial Hybrid 2 xCommercial Hybrid 2,4,15,104007,ERA22:104007,5/19/22,11/22/22,31,,,13.7,61.5,15.45,,
2022,Saint Paul,19.5,48,30,2,27,Era Hybrids,A635 xW64A,4,3,104008,ERA22:104008,5/19/22,11/22/22,36,,,13.1,61.7,12.33,,1960
2022,Saint Paul,19.5,48,30,2,27,Era Hybrids,W64A xOh43,4,2,104009,ERA22:104009,5/19/22,11/22/22,35,,,16.4,60,16.24,,1950
2022,Saint Paul,19.5,48,30,2,27,Era Hybrids,LH146Ht xLH82,4,12,104010,ERA22:104010,5/19/22,11/22/22,33,,,12.3,62.2,13.74,,1990
2022,Saint Paul,19.5,48,30,2,27,Era Hybrids,A632 xW153R,4,4,104011,ERA22:104011,5/19/22,11/22/22,44,,,11.9,62.3,13.74,,1960
2022,Saint Paul,19.5,48,30,2,27,Era Hybrids,DKC49-72RIB xDKC49-72RIB,4,14,104012,ERA22:104012,5/19/22,11/22/22,37,,,12.5,62,16.72,,2020
2022,Saint Paul,19.5,48,30,2,27,Era Hybrids,PHRE1 xPHP02,4,11,104013,ERA22:104013,5/19/22,11/22/22,24,,,11.5,62.4,12.5,,1990
2022,Saint Paul,19.5,48,30,2,27,Era Hybrids,W64A xW117Ht,4,1,104014,ERA22:104014,5/19/22,11/22/22,35,,,13.4,61.3,12.86,,1950
2022,Saint Paul,19.5,48,30,2,27,Era Hybrids,LH227 xLH295,4,13,104015,ERA22:104015,5/19/22,11/22/22,33,,,13.4,61.6,15.12,,2000
2022,Saint Paul,19.5,48,30,2,27,Era Hybrids,B73 xMo17,5,7,105001,ERA22:105001,5/31/22,11/22/22,21,,,13.1,59.8,8.28,,1970
2022,Saint Paul,19.5,48,30,2,27,Era Hybrids,LH227 xLH295,5,13,105002,ERA22:105002,5/31/22,11/22/22,12,,,10.8,61.6,7.36,,2000
2022,Saint Paul,19.5,48,30,2,27,Era Hybrids,PHRE1 xPHP02,5,11,105003,ERA22:105003,5/31/22,11/22/22,1,,,0.14,0,-0.04,,1990
2022,Saint Paul,19.5,48,30,2,27,Era Hybrids,A635 xW64A,5,3,105004,ERA22:105004,5/31/22,11/22/22,0,,,,,,,1960
2022,Saint Paul,19.5,48,30,2,27,Era Hybrids,A632 xW153R,5,4,105005,ERA22:105005,5/31/22,11/22/22,8,,,8.32,63.1,5.37,,1960
2022,Saint Paul,19.5,48,30,2,27,Era Hybrids,Commercial Hybrid 2 xCommercial Hybrid 2,5,15,105006,ERA22:105006,5/31/22,11/22/22,4,,,8.61,61.9,3.93,,
2022,Saint Paul,19.5,48,30,2,27,Era Hybrids,DKC49-72RIB xDKC49-72RIB,5,14,105007,ERA22:105007,5/31/22,11/22/22,3,,,4.99,64.6,4.7,,2020
2022,Saint Paul,19.5,48,30,2,27,Era Hybrids,PHG29 xPHG47,5,8,105008,ERA22:105008,5/31/22,11/22/22,4,,,11.5,62.4,11.57,,1980
2022,Saint Paul,19.5,48,30,2,27,Era Hybrids,LH146Ht xLH82,5,12,105009,ERA22:105009,5/31/22,11/22/22,3,,,6,63.7,4.26,,1990
2022,Saint Paul,19.5,48,30,2,27,Era Hybrids,A632 xW64A,5,6,105010,ERA22:105010,5/31/22,11/22/22,3,,,,,,,1970
2022,Saint Paul,19.5,48,30,2,27,Era Hybrids,W64A xW117Ht,5,1,105011,ERA22:105011,5/31/22,11/22/22,11,,,4.14,65.1,5.6,,1950
2022,Saint Paul,19.5,48,30,2,27,Era Hybrids,W64A xOh43,5,2,105012,ERA22:105012,5/31/22,11/22/22,15,,,8.71,62.4,6.55,,1950
2022,Saint Paul,19.5,48,30,2,27,Era Hybrids,LH74 xLH51,5,10,105013,ERA22:105013,5/31/22,11/22/22,6,,,1.16,0,2.32,,1980
2022,Saint Paul,19.5,48,30,2,27,Era Hybrids,LH145 xLH38,5,9,105014,ERA22:105014,5/31/22,11/22/22,15,,,12.2,60.9,8.6,,1980
2022,Saint Paul,19.5,48,30,2,27,Era Hybrids,A632 xA619,5,5,105015,ERA22:105015,5/31/22,11/22/22,6,,,8.92,62.4,6.04,,1970
2022,Saint Paul,19.5,48,30,2,27,Era Hybrids,W64A xW117Ht,6,1,106001,ERA22:106001,5/31/22,11/22/22,10,,,7.15,63.7,4.81,,1950
2022,Saint Paul,19.5,48,30,2,27,Era Hybrids,LH146Ht xLH82,6,12,106002,ERA22:106002,5/31/22,11/22/22,6,,,7.08,63.8,4.59,,1990
2022,Saint Paul,19.5,48,30,2,27,Era Hybrids,B73 xMo17,6,7,106003,ERA22:106003,5/31/22,11/22/22,8,,,10.8,60.7,5.78,,1970
2022,Saint Paul,19.5,48,30,2,27,Era Hybrids,W64A xOh43,6,2,106004,ERA22:106004,5/31/22,11/22/22,10,,,13.3,59.9,8.92,,1950
2022,Saint Paul,19.5,48,30,2,27,Era Hybrids,LH145 xLH38,6,9,106005,ERA22:106005,5/31/22,11/22/22,14,,,11.9,61.2,8.55,,1980
2022,Saint Paul,19.5,48,30,2,27,Era Hybrids,PHG29 xPHG47,6,8,106006,ERA22:106006,5/31/22,11/22/22,13,,,11.6,61.9,10.02,,1980
2022,Saint Paul,19.5,48,30,2,27,Era Hybrids,A635 xW64A,6,3,106007,ERA22:106007,5/31/22,11/22/22,8,,,6.14,63.8,4.11,,1960
2022,Saint Paul,19.5,48,30,2,27,Era Hybrids,PHRE1 xPHP02,6,11,106008,ERA22:106008,5/31/22,11/22/22,2,,,0.13,0,0.09,,1990
2022,Saint Paul,19.5,48,30,2,27,Era Hybrids,DKC49-72RIB xDKC49-72RIB,6,14,106009,ERA22:106009,5/31/22,11/22/22,7,,,5.2,64.5,4.15,,2020
2022,Saint Paul,19.5,48,30,2,27,Era Hybrids,A632 xW64A,6,6,106010,ERA22:106010,5/31/22,11/22/22,13,,,11.6,61.6,8.63,,1970
2022,Saint Paul,19.5,48,30,2,27,Era Hybrids,A632 xA619,6,5,106011,ERA22:106011,5/31/22,11/22/22,16,,,12.7,60.5,9.09,,1970
2022,Saint Paul,19.5,48,30,2,27,Era Hybrids,LH227 xLH295,6,13,106012,ERA22:106012,5/31/22,11/22/22,7,,,10.1,62,6.54,,2000
2022,Saint Paul,19.5,48,30,2,27,Era Hybrids,A632 xW153R,6,4,106013,ERA22:106013,5/31/22,11/22/22,8,,,10.1,62.4,7.15,,1960
2022,Saint Paul,19.5,48,30,2,27,Era Hybrids,Commercial Hybrid 2 xCommercial Hybrid 2,6,15,106014,ERA22:106014,5/31/22,11/22/22,10,,,13.9,59.1,7.98,,
2022,Saint Paul,19.5,48,30,2,27,Era Hybrids,LH74 xLH51,6,10,106015,ERA22:106015,5/31/22,11/22/22,13,,,12.5,60.4,8.44,,1980
2022,Waseca,25,36,30,2,40,Era Hybrids,PHRE1 xPHP02,7,11,107001,ERA22:107001,5/24/22,10/27/22,75,0,0,15.7,,30.82,217.425591,1990
2022,Waseca,25,36,30,2,40,Era Hybrids,PHG29 xPHG47,7,8,107002,ERA22:107002,5/24/22,10/27/22,74,0,0,14.1,,27.7,199.123897,1980
2022,Waseca,25,36,30,2,40,Era Hybrids,LH146Ht xLH82,7,12,107003,ERA22:107003,5/24/22,10/27/22,72,0,2,15.1,,26.7,189.700905,1990
2022,Waseca,25,36,30,2,40,Era Hybrids,W64A xW117Ht,7,1,107004,ERA22:107004,5/24/22,10/27/22,72,0,0,16.2,,13.78,96.637055,1950
2022,Waseca,25,36,30,2,40,Era Hybrids,A635 xW64A,7,3,107005,ERA22:107005,5/24/22,10/27/22,74,0,2,17,,27.09,188.164438,1960
2022,Waseca,25,36,30,2,40,Era Hybrids,A632 xW153R,7,4,107006,ERA22:107006,5/24/22,10/27/22,76,7,3,15.6,,27.26,192.539016,1960
2022,Waseca,25,36,30,2,40,Era Hybrids,Commercial Hybrid 2 xCommercial Hybrid 2,7,15,107007,ERA22:107007,5/24/22,10/27/22,79,0,0,17.2,,35.43,245.50025,
2022,Waseca,25,36,30,2,40,Era Hybrids,LH74 xLH51,7,10,107008,ERA22:107008,5/24/22,10/27/22,75,0,0,25.5,,37.32,232.674269,1980
2022,Waseca,25,36,30,2,40,Era Hybrids,A632 xA619,7,5,107009,ERA22:107009,5/24/22,10/27/22,74,7,5,21.2,,25.11,165.58591,1970
2022,Waseca,25,36,30,2,40,Era Hybrids,B73 xMo17,7,7,107010,ERA22:107010,5/24/22,10/27/22,72,8,0,27.2,,36.42,221.881846,1970
2022,Waseca,25,36,30,2,40,Era Hybrids,LH227 xLH295,7,13,107011,ERA22:107011,5/24/22,10/27/22,63,0,2,20.3,,29.51,196.823967,2000
2022,Waseca,25,36,30,2,40,Era Hybrids,W64A xOh43,7,2,107012,ERA22:107012,5/24/22,10/27/22,73,3,2,22.4,,26.62,172.870235,1950
2022,Waseca,25,36,30,2,40,Era Hybrids,DKC49-72RIB xDKC49-72RIB,7,14,107013,ERA22:107013,5/24/22,10/27/22,77,0,0,16.2,,35,245.449704,2020
2022,Waseca,25,36,30,2,40,Era Hybrids,A632 xW64A,7,6,107014,ERA22:107014,5/24/22,10/27/22,73,2,0,17.9,,27.72,190.452568,1970
2022,Waseca,25,36,30,2,40,Era Hybrids,LH145 xLH38,7,9,107015,ERA22:107015,5/24/22,10/27/22,73,0,0,17.2,,27.93,193.531527,1980
2022,Waseca,25,36,30,2,40,Era Hybrids,DKC49-72RIB xDKC49-72RIB,8,14,108001,ERA22:108001,5/24/22,10/27/22,76,0,0,16.5,,31.12,217.458563,2020
2022,Waseca,25,36,30,2,40,Era Hybrids,LH74 xLH51,8,10,108002,ERA22:108002,5/24/22,10/27/22,76,0,0,25.1,,39.96,250.471172,1980
2022,Waseca,25,36,30,2,40,Era Hybrids,PHRE1 xPHP02,8,11,108003,ERA22:108003,5/24/22,10/27/22,77,0,0,16.8,,29.93,208.391736,1990
2022,Waseca,25,36,30,2,40,Era Hybrids,LH145 xLH38,8,9,108004,ERA22:108004,5/24/22,10/27/22,74,5,2,18.2,,28.14,192.63174,1980
2022,Waseca,25,36,30,2,40,Era Hybrids,W64A xW117Ht,8,1,108005,ERA22:108005,5/24/22,10/27/22,72,0,0,17.2,,17.76,123.061937,1950
2022,Waseca,25,36,30,2,40,Era Hybrids,A632 xA619,8,5,108006,ERA22:108006,5/24/22,10/27/22,70,7,2,19.1,,27.95,189.225989,1970
2022,Waseca,25,36,30,2,40,Era Hybrids,B73 xMo17,8,7,108007,ERA22:108007,5/24/22,10/27/22,73,0,0,27.9,,39.34,237.366852,1970
2022,Waseca,25,36,30,2,40,Era Hybrids,Commercial Hybrid 2 xCommercial Hybrid 2,8,15,108008,ERA22:108008,5/24/22,10/27/22,66,0,0,17.6,,29.97,206.663797,
2022,Waseca,25,36,30,2,40,Era Hybrids,A632 xW153R,8,4,108009,ERA22:108009,5/24/22,10/27/22,70,0,0,15.9,,27.3,192.136154,1960
2022,Waseca,25,36,30,2,40,Era Hybrids,LH227 xLH295,8,13,108010,ERA22:108010,5/24/22,10/27/22,68,0,3,18.8,,32.04,217.720331,2000
2022,Waseca,25,36,30,2,40,Era Hybrids,LH146Ht xLH82,8,12,108011,ERA22:108011,5/24/22,10/27/22,74,3,0,15,,25.93,184.447126,1990
2022,Waseca,25,36,30,2,40,Era Hybrids,W64A xOh43,8,2,108012,ERA22:108012,5/24/22,10/27/22,70,2,2,23.4,,26.87,172.245104,1950
2022,Waseca,25,36,30,2,40,Era Hybrids,PHG29 xPHG47,8,8,108013,ERA22:108013,5/24/22,10/27/22,74,0,2,14.6,,26.8,191.532781,1980
2022,Waseca,25,36,30,2,40,Era Hybrids,A632 xW64A,8,6,108014,ERA22:108014,5/24/22,10/27/22,75,0,2,17.7,,30.66,211.165243,1970
2022,Waseca,25,36,30,2,40,Era Hybrids,A635 xW64A,8,3,108015,ERA22:108015,5/24/22,10/27/22,77,0,0,17.2,,26.42,183.06849,1960
2022,Waseca,25,36,30,2,40,Era Hybrids,LH146Ht xLH82,9,12,109001,ERA22:109001,6/3/22,10/27/22,72,2,3,16.5,,24.75,172.94664,1990
2022,Waseca,25,36,30,2,40,Era Hybrids,A635 xW64A,9,3,109002,ERA22:109002,6/3/22,10/27/22,71,0,0,19,,23.77,161.125638,1960
2022,Waseca,25,36,30,2,40,Era Hybrids,W64A xW117Ht,9,1,109003,ERA22:109003,6/3/22,10/27/22,73,4,2,21.4,,21.22,139.578451,1950
2022,Waseca,25,36,30,2,40,Era Hybrids,LH227 xLH295,9,13,109004,ERA22:109004,6/3/22,10/27/22,75,0,3,23.4,,31.86,204.232565,2000
2022,Waseca,25,36,30,2,40,Era Hybrids,A632 xA619,9,5,109005,ERA22:109005,6/3/22,10/27/22,70,2,2,24,,26.41,167.970279,1970
2022,Waseca,25,36,30,2,40,Era Hybrids,B73 xMo17,9,7,109006,ERA22:109006,6/3/22,10/27/22,74,0,0,32.2,,33.75,191.493449,1970
2022,Waseca,25,36,30,2,40,Era Hybrids,Commercial Hybrid 2 xCommercial Hybrid 2,9,15,109007,ERA22:109007,6/3/22,10/27/22,68,0,0,20.4,,32.24,214.76255,
2022,Waseca,25,36,30,2,40,Era Hybrids,PHG29 xPHG47,9,8,109008,ERA22:109008,6/3/22,10/27/22,75,0,2,18.4,,28.04,191.477883,1980
2022,Waseca,25,36,30,2,40,Era Hybrids,W64A xOh43,9,2,109009,ERA22:109009,6/3/22,10/27/22,70,0,0,24.7,,20.84,131.323709,1950
2022,Waseca,25,36,30,2,40,Era Hybrids,PHRE1 xPHP02,9,11,109010,ERA22:109010,6/3/22,10/27/22,72,0,0,19.5,,28.6,192.669231,1990
2022,Waseca,25,36,30,2,40,Era Hybrids,DKC49-72RIB xDKC49-72RIB,9,14,109011,ERA22:109011,6/3/22,10/27/22,77,0,0,19,,34.81,235.9606,2020
2022,Waseca,25,36,30,2,40,Era Hybrids,A632 xW64A,9,6,109012,ERA22:109012,6/3/22,10/27/22,80,8,3,19.6,,25.91,174.330715,1970
2022,Waseca,25,36,30,2,40,Era Hybrids,LH145 xLH38,9,9,109013,ERA22:109013,6/3/22,10/27/22,75,15,0,21.4,,22.93,150.826291,1980
2022,Waseca,25,36,30,2,40,Era Hybrids,A632 xW153R,9,4,109014,ERA22:109014,6/3/22,10/27/22,75,9,0,18.7,,26.3,178.935596,1960
2022,Waseca,25,36,30,2,40,Era Hybrids,LH74 xLH51,9,10,109015,ERA22:109015,6/3/22,10/27/22,72,0,3,29.3,,29.63,175.307911,1980
2022,Waseca,25,36,30,2,40,Era Hybrids,W64A xOh43,10,2,110001,ERA22:110001,6/3/22,10/27/22,76,0,2,26.9,,21.95,134.277223,1950
2022,Waseca,25,36,30,2,40,Era Hybrids,PHRE1 xPHP02,10,11,110002,ERA22:110002,6/3/22,10/27/22,68,0,0,19.8,,27.48,184.434238,1990
2022,Waseca,25,36,30,2,40,Era Hybrids,DKC49-72RIB xDKC49-72RIB,10,14,110003,ERA22:110003,6/3/22,10/27/22,76,0,2,17.4,,33.75,233.294379,2020
2022,Waseca,25,36,30,2,40,Era Hybrids,LH227 xLH295,10,13,110004,ERA22:110004,6/3/22,10/27/22,70,0,0,24.6,,32.09,202.484374,2000
2022,Waseca,25,36,30,2,40,Era Hybrids,LH145 xLH38,10,9,110005,ERA22:110005,6/3/22,10/27/22,73,0,2,19.7,,25.39,170.619512,1980
2022,Waseca,25,36,30,2,40,Era Hybrids,A632 xA619,10,5,110006,ERA22:110006,6/3/22,10/27/22,71,0,3,25,,25.62,160.801775,1970
2022,Waseca,25,36,30,2,40,Era Hybrids,A632 xW153R,10,4,110007,ERA22:110007,6/3/22,10/27/22,64,0,4,18.7,,23.76,161.654364,1960
2022,Waseca,25,36,30,2,40,Era Hybrids,PHG29 xPHG47,10,8,110008,ERA22:110008,6/3/22,10/27/22,71,0,1,18,,26.73,183.426999,1980
2022,Waseca,25,36,30,2,40,Era Hybrids,Commercial Hybrid 2 xCommercial Hybrid 2,10,15,110009,ERA22:110009,6/3/22,10/27/22,59,0,0,21.4,,30.61,201.342903,
2022,Waseca,25,36,30,2,40,Era Hybrids,LH146Ht xLH82,10,12,110010,ERA22:110010,6/3/22,10/27/22,70,0,4,18.2,,25.19,172.437581,1990
2022,Waseca,25,36,30,2,40,Era Hybrids,A635 xW64A,10,3,110011,ERA22:110011,6/3/22,10/27/22,65,0,2,20.2,,24.53,163.813953,1960
2022,Waseca,25,36,30,2,40,Era Hybrids,W64A xW117Ht,10,1,110012,ERA22:110012,6/3/22,10/27/22,71,0,0,21.7,,21.31,139.635441,1950
2022,Waseca,25,36,30,2,40,Era Hybrids,A632 xW64A,10,6,110013,ERA22:110013,6/3/22,10/27/22,75,0,5,19.5,,26.27,176.972752,1970
2022,Waseca,25,36,30,2,40,Era Hybrids,B73 xMo17,10,7,110014,ERA22:110014,6/3/22,10/27/22,66,0,0,32.3,,32.14,182.089537,1970
2022,Waseca,25,36,30,2,40,Era Hybrids,LH74 xLH51,10,10,110015,ERA22:110015,6/3/22,10/27/22,69,0,0,28,,32.41,195.281894,1980
2022,Waseca,25,36,30,2,40,Era Hybrids,Commercial Hybrid 2 xCommercial Hybrid 2,11,15,111001,ERA22:111001,6/10/22,10/27/22,72,0,0,23.5,,29.05,185.976479,
2022,Waseca,25,36,30,2,40,Era Hybrids,LH227 xLH295,11,13,111002,ERA22:111002,6/10/22,10/27/22,73,0,0,24.9,,24.63,154.794241,2000
2022,Waseca,25,36,30,2,40,Era Hybrids,LH74 xLH51,11,10,111003,ERA22:111003,6/10/22,10/27/22,73,0,2,30.9,,28.53,164.979609,1980
2022,Waseca,25,36,30,2,40,Era Hybrids,A635 xW64A,11,3,111004,ERA22:111004,6/10/22,10/27/22,73,0,0,18.8,,20.27,137.740047,1960
2022,Waseca,25,36,30,2,40,Era Hybrids,PHG29 xPHG47,11,8,111005,ERA22:111005,6/10/22,10/27/22,74,0,2,17.6,,25.86,178.322516,1980
2022,Waseca,25,36,30,2,40,Era Hybrids,A632 xA619,11,5,111006,ERA22:111006,6/10/22,10/27/22,67,11,5,27.2,,23.66,144.144,1970
2022,Waseca,25,36,30,2,40,Era Hybrids,A632 xW64A,11,6,111007,ERA22:111007,6/10/22,10/27/22,68,0,1,21.3,,21.2,139.624311,1970
2022,Waseca,25,36,30,2,40,Era Hybrids,DKC49-72RIB xDKC49-72RIB,11,14,111008,ERA22:111008,6/10/22,10/27/22,74,0,2,21.3,,29.75,195.935059,2020
2022,Waseca,25,36,30,2,40,Era Hybrids,LH146Ht xLH82,11,12,111009,ERA22:111009,6/10/22,10/27/22,70,0,2,20.7,,23.52,156.084923,1990
2022,Waseca,25,36,30,2,40,Era Hybrids,PHRE1 xPHP02,11,11,111010,ERA22:111010,6/10/22,10/27/22,65,0,0,18.8,,24.74,168.114888,1990
2022,Waseca,25,36,30,2,40,Era Hybrids,W64A xOh43,11,2,111011,ERA22:111011,6/10/22,10/27/22,73,0,5,26.4,,20.04,123.431493,1950
2022,Waseca,25,36,30,2,40,Era Hybrids,W64A xW117Ht,11,1,111012,ERA22:111012,6/10/22,10/27/22,68,0,0,18.9,,20.77,140.963866,1950
2022,Waseca,25,36,30,2,40,Era Hybrids,LH145 xLH38,11,9,111013,ERA22:111013,6/10/22,10/27/22,77,0,2,22.2,,26.04,169.53955,1980
2022,Waseca,25,36,30,2,40,Era Hybrids,A632 xW153R,11,4,111014,ERA22:111014,6/10/22,10/27/22,75,0,0,22.7,,22.84,147.749508,1960
2022,Waseca,25,36,30,2,40,Era Hybrids,B73 xMo17,11,7,111015,ERA22:111015,6/10/22,10/27/22,73,0,0,37.6,,32.31,168.72211,1970
2022,Waseca,25,36,30,2,40,Era Hybrids,LH227 xLH295,12,13,112001,ERA22:112001,6/10/22,10/27/22,57,0,2,26.7,,24.22,148.569124,2000
2022,Waseca,25,36,30,2,40,Era Hybrids,LH146Ht xLH82,12,12,112002,ERA22:112002,6/10/22,10/27/22,65,0,0,19.5,,24.32,163.836213,1990
2022,Waseca,25,36,30,2,40,Era Hybrids,LH145 xLH38,12,9,112003,ERA22:112003,6/10/22,10/27/22,73,0,4,22.3,,20.96,136.28961,1980
2022,Waseca,25,36,30,2,40,Era Hybrids,LH74 xLH51,12,10,112004,ERA22:112004,6/10/22,10/27/22,70,0,2,30.9,,24.47,141.501964,1980
2022,Waseca,25,36,30,2,40,Era Hybrids,A632 xW64A,12,6,112005,ERA22:112005,6/10/22,10/27/22,70,0,3,20.9,,23.51,155.625071,1970
2022,Waseca,25,36,30,2,40,Era Hybrids,A635 xW64A,12,3,112006,ERA22:112006,6/10/22,10/27/22,68,0,2,20,,19.09,127.804565,1960
2022,Waseca,25,36,30,2,40,Era Hybrids,Commercial Hybrid 2 xCommercial Hybrid 2,12,15,112007,ERA22:112007,6/10/22,10/27/22,74,0,0,23.8,,27.39,174.661608,
2022,Waseca,25,36,30,2,40,Era Hybrids,DKC49-72RIB xDKC49-72RIB,12,14,112008,ERA22:112008,6/10/22,10/27/22,76,0,0,20.3,,28.99,193.355703,2020
2022,Waseca,25,36,30,2,40,Era Hybrids,A632 xW153R,12,4,112009,ERA22:112009,6/10/22,10/27/22,74,0,0,20.5,,26.37,175.439632,1960
2022,Waseca,25,36,30,2,40,Era Hybrids,PHG29 xPHG47,12,8,112010,ERA22:112010,6/10/22,10/27/22,73,0,0,17.9,,25.34,174.10058,1980
2022,Waseca,25,36,30,2,40,Era Hybrids,W64A xOh43,12,2,112011,ERA22:112011,6/10/22,10/27/22,67,0,3,25.2,,15.92,99.6540862,1950
2022,Waseca,25,36,30,2,40,Era Hybrids,W64A xW117Ht,12,1,112012,ERA22:112012,6/10/22,10/27/22,67,0,0,21.1,,19.08,125.981224,1950
2022,Waseca,25,36,30,2,40,Era Hybrids,PHRE1 xPHP02,12,11,112013,ERA22:112013,6/10/22,10/27/22,55,0,2,23.4,,21.22,136.026837,1990
2022,Waseca,25,36,30,2,40,Era Hybrids,A632 xA619,12,5,112014,ERA22:112014,6/10/22,10/27/22,63,0,0,38.4,,29.85,153.877633,1970
2022,Waseca,25,36,30,2,40,Era Hybrids,B73 xMo17,12,7,112015,ERA22:112015,6/10/22,10/27/22,73,24,2,28.5,,20.06,120.029341,1970
2023,Saint Paul,15.5,48,30,2,27,Era Hybrids,A632 x W64A,1,6,201001,ERA23:201001,5/17/23,11/14/23,46,0,22,15.3,60.5,15.7,,1970
2023,Saint Paul,15.5,48,30,2,27,Era Hybrids,LH74 x LH51,1,10,201002,ERA23:201002,5/17/23,11/14/23,52,0,1,14.4,60.7,15.57,,1980
2023,Saint Paul,15.5,48,30,2,27,Era Hybrids,PHRE1 x PHP02,1,11,201003,ERA23:201003,5/17/23,11/14/23,48,0,2,14.4,60.8,17.75,,1990
2023,Saint Paul,15.5,48,30,2,27,Era Hybrids,LH145 x LH38,1,9,201004,ERA23:201004,5/17/23,11/14/23,42,0,16,14.2,61.1,18.41,,1980
2023,Saint Paul,15.5,48,30,2,27,Era Hybrids,A632 x A619,1,5,201005,ERA23:201005,5/17/23,11/14/23,49,1,38,9.42,62.5,12.87,,1970
2023,Saint Paul,15.5,48,30,2,27,Era Hybrids,LH146Ht x LH82,1,12,201006,ERA23:201006,5/17/23,11/14/23,46,0,12,16.8,59.7,21.48,,1990
2023,Saint Paul,15.5,48,30,2,27,Era Hybrids,DKC50-87RIB x DKC50-87RIB,1,15,201007,ERA23:201007,5/17/23,11/14/23,48,0,0,15.3,60.5,20.39,,2020
2023,Saint Paul,15.5,48,30,2,27,Era Hybrids,B73 x Mo17,1,7,201008,ERA23:201008,5/17/23,11/14/23,48,0,1,16.4,59.7,22.19,,1970
2023,Saint Paul,15.5,48,30,2,27,Era Hybrids,DKC49-72RIB x DKC49-72RIB,1,14,201009,ERA23:201009,5/17/23,11/14/23,51,0,3,14.8,60.6,20.12,,2020
2023,Saint Paul,15.5,48,30,2,27,Era Hybrids,W64A x Oh43,1,2,201010,ERA23:201010,5/17/23,11/14/23,48,0,15,21.6,57.6,21.85,,1950
2023,Saint Paul,15.5,48,30,2,27,Era Hybrids,LH227 x LH295,1,13,201011,ERA23:201011,5/17/23,11/14/23,34,0,1,13.9,60.9,17.06,,2000
2023,Saint Paul,15.5,48,30,2,27,Era Hybrids,PHG29 x PHG47,1,8,201012,ERA23:201012,5/17/23,11/14/23,51,0,2,16,60,18.46,,1980
2023,Saint Paul,15.5,48,30,2,27,Era Hybrids,W64A x W117Ht,1,1,201013,ERA23:201013,5/17/23,11/14/23,46,0,4,14.5,61,16.16,,1950
2023,Saint Paul,15.5,48,30,2,27,Era Hybrids,A632 x W153R,1,4,201014,ERA23:201014,5/17/23,11/14/23,48,0,1,14.2,60.5,13.33,,1960
2023,Saint Paul,15.5,48,30,2,27,Era Hybrids,A635 x W64A,1,3,201015,ERA23:201015,5/17/23,11/14/23,51,0,1,15.1,60.2,20.9,,1960
2023,Saint Paul,15.5,48,30,2,27,Era Hybrids,W64A x Oh43,2,2,202001,ERA23:202001,5/17/23,11/14/23,47,0,3,15,60.4,17.17,,1950
2023,Saint Paul,15.5,48,30,2,27,Era Hybrids,DKC49-72RIB x DKC49-72RIB,2,14,202002,ERA23:202002,5/17/23,11/14/23,51,0,0,19,58.4,27.03,,2020
2023,Saint Paul,15.5,48,30,2,27,Era Hybrids,A632 x W64A,2,6,202003,ERA23:202003,5/17/23,11/14/23,48,0,2,12.8,61.7,15.65,,1970
2023,Saint Paul,15.5,48,30,2,27,Era Hybrids,A632 x A619,2,5,202004,ERA23:202004,5/17/23,11/14/23,42,0,4,17.1,59.1,23.82,,1970
2023,Saint Paul,15.5,48,30,2,27,Era Hybrids,LH145 x LH38,2,9,202005,ERA23:202005,5/17/23,11/14/23,49,0,0,14.3,60.7,25.2,,1980
2023,Saint Paul,15.5,48,30,2,27,Era Hybrids,DKC50-87RIB x DKC50-87RIB,2,15,202006,ERA23:202006,5/17/23,11/14/23,50,0,0,15.1,60.2,25.4,,2020
2023,Saint Paul,15.5,48,30,2,27,Era Hybrids,LH74 x LH51,2,10,202007,ERA23:202007,5/17/23,11/14/23,47,0,0,12.8,61.3,21.63,,1980
2023,Saint Paul,15.5,48,30,2,27,Era Hybrids,W64A x W117Ht,2,1,202008,ERA23:202008,5/17/23,11/14/23,50,0,7,15.8,59.8,15.9,,1950
2023,Saint Paul,15.5,48,30,2,27,Era Hybrids,A635 x W64A,2,3,202009,ERA23:202009,5/17/23,11/14/23,49,0,7,14.3,60.9,19.98,,1960
2023,Saint Paul,15.5,48,30,2,27,Era Hybrids,A632 x W153R,2,4,202010,ERA23:202010,5/17/23,11/14/23,52,0,0,15.4,60.4,22.19,,1960
2023,Saint Paul,15.5,48,30,2,27,Era Hybrids,PHRE1 x PHP02,2,11,202011,ERA23:202011,5/17/23,11/14/23,47,0,0,15,60.2,21.77,,1990
2023,Saint Paul,15.5,48,30,2,27,Era Hybrids,B73 x Mo17,2,7,202012,ERA23:202012,5/17/23,11/14/23,50,0,0,14.6,60.4,17.9,,1970
2023,Saint Paul,15.5,48,30,2,27,Era Hybrids,LH146Ht x LH82,2,12,202013,ERA23:202013,5/17/23,11/14/23,47,0,0,16.5,59.8,19.35,,1990
2023,Saint Paul,15.5,48,30,2,27,Era Hybrids,LH227 x LH295,2,13,202014,ERA23:202014,5/17/23,11/14/23,39,0,0,11.6,61.7,12.82,,2000
2023,Saint Paul,15.5,48,30,2,27,Era Hybrids,PHG29 x PHG47,2,8,202015,ERA23:202015,5/17/23,11/14/23,46,0,0,16.4,59.5,21.42,,1980
2023,Saint Paul,15.5,48,30,2,27,Era Hybrids,LH74 x LH51,3,10,203001,ERA23:203001,5/26/23,11/14/23,27,0,0,20.7,57.5,15.99,,1980
2023,Saint Paul,15.5,48,30,2,27,Era Hybrids,PHG29 x PHG47,3,8,203002,ERA23:203002,5/26/23,11/14/23,24,0,0,15.6,60,19.46,,1980
2023,Saint Paul,15.5,48,30,2,27,Era Hybrids,DKC49-72RIB x DKC49-72RIB,3,14,203003,ERA23:203003,5/26/23,11/14/23,46,0,1,15.5,60,23.13,,2020
2023,Saint Paul,15.5,48,30,2,27,Era Hybrids,A632 x A619,3,5,203004,ERA23:203004,5/26/23,11/14/23,29,0,6,20.5,58,25.86,,1970
2023,Saint Paul,15.5,48,30,2,27,Era Hybrids,W64A x Oh43,3,2,203005,ERA23:203005,5/26/23,11/14/23,35,0,3,16.7,59,14.19,,1950
2023,Saint Paul,15.5,48,30,2,27,Era Hybrids,A632 x W64A,3,6,203006,ERA23:203006,5/26/23,11/14/23,30,0,3,23.1,57,27.18,,1970
2023,Saint Paul,15.5,48,30,2,27,Era Hybrids,B73 x Mo17,3,7,203007,ERA23:203007,5/26/23,11/14/23,35,0,1,20.9,57.6,16.99,,1970
2023,Saint Paul,15.5,48,30,2,27,Era Hybrids,LH146Ht x LH82,3,12,203008,ERA23:203008,5/26/23,11/14/23,43,0,0,21.5,57.7,25.39,,1990
2023,Saint Paul,15.5,48,30,2,27,Era Hybrids,DKC50-87RIB x DKC50-87RIB,3,15,203009,ERA23:203009,5/26/23,11/14/23,35,0,0,16.2,59.9,19.65,,2020
2023,Saint Paul,15.5,48,30,2,27,Era Hybrids,A632 x W153R,3,4,203010,ERA23:203010,5/26/23,11/14/23,36,0,7,22.1,57.4,25.12,,1960
2023,Saint Paul,15.5,48,30,2,27,Era Hybrids,LH145 x LH38,3,9,203011,ERA23:203011,5/26/23,11/14/23,36,2,0,17.6,59.2,18.42,,1980
2023,Saint Paul,15.5,48,30,2,27,Era Hybrids,W64A x W117Ht,3,1,203012,ERA23:203012,5/26/23,11/14/23,23,0,0,18.1,58.8,23.26,,1950
2023,Saint Paul,15.5,48,30,2,27,Era Hybrids,LH227 x LH295,3,13,203013,ERA23:203013,5/26/23,11/14/23,42,0,0,13.8,60.8,18.22,,2000
2023,Saint Paul,15.5,48,30,2,27,Era Hybrids,PHRE1 x PHP02,3,11,203014,ERA23:203014,5/26/23,11/14/23,30,0,3,14.8,60.8,24.89,,1990
2023,Saint Paul,15.5,48,30,2,27,Era Hybrids,A635 x W64A,3,3,203015,ERA23:203015,5/26/23,11/14/23,30,1,4,14.4,60.5,13.12,,1960
2023,Saint Paul,15.5,48,30,2,27,Era Hybrids,PHRE1 x PHP02,4,11,204001,ERA23:204001,5/26/23,11/14/23,39,0,2,14.8,60.7,25.69,,1990
2023,Saint Paul,15.5,48,30,2,27,Era Hybrids,PHG29 x PHG47,4,8,204002,ERA23:204002,5/26/23,11/14/23,37,0,1,13,61.3,11.48,,1980
2023,Saint Paul,15.5,48,30,2,27,Era Hybrids,A632 x W153R,4,4,204003,ERA23:204003,5/26/23,11/14/23,37,0,13,13.9,60.4,10.67,,1960
2023,Saint Paul,15.5,48,30,2,27,Era Hybrids,A632 x A619,4,5,204004,ERA23:204004,5/26/23,11/14/23,45,0,14,12.9,61.4,16.63,,1970
2023,Saint Paul,15.5,48,30,2,27,Era Hybrids,LH227 x LH295,4,13,204005,ERA23:204005,5/26/23,11/14/23,30,0,0,14.8,60.4,14.05,,2000
2023,Saint Paul,15.5,48,30,2,27,Era Hybrids,DKC50-87RIB x DKC50-87RIB,4,15,204006,ERA23:204006,5/26/23,11/14/23,39,0,0,15,60.5,16.42,,2020
2023,Saint Paul,15.5,48,30,2,27,Era Hybrids,W64A x Oh43,4,2,204007,ERA23:204007,5/26/23,11/14/23,37,0,0,19.2,58.2,17.18,,1950
2023,Saint Paul,15.5,48,30,2,27,Era Hybrids,DKC49-72RIB x DKC49-72RIB,4,14,204008,ERA23:204008,5/26/23,11/14/23,46,0,0,15.6,60.1,22.07,,2020
2023,Saint Paul,15.5,48,30,2,27,Era Hybrids,A635 x W64A,4,3,204009,ERA23:204009,5/26/23,11/14/23,26,0,0,16.1,59.6,12.23,,1960
2023,Saint Paul,15.5,48,30,2,27,Era Hybrids,B73 x Mo17,4,7,204010,ERA23:204010,5/26/23,11/14/23,42,0,0,21.5,57.4,20.6,,1970
2023,Saint Paul,15.5,48,30,2,27,Era Hybrids,LH74 x LH51,4,10,204011,ERA23:204011,5/26/23,11/14/23,26,0,0,19.7,58,14.44,,1980
2023,Saint Paul,15.5,48,30,2,27,Era Hybrids,W64A x W117Ht,4,1,204012,ERA23:204012,5/26/23,11/14/23,34,0,0,18.5,58.8,24.11,,1950
2023,Saint Paul,15.5,48,30,2,27,Era Hybrids,LH145 x LH38,4,9,204013,ERA23:204013,5/26/23,11/14/23,41,0,0,17,59.3,17.16,,1980
2023,Saint Paul,15.5,48,30,2,27,Era Hybrids,LH146Ht x LH82,4,12,204014,ERA23:204014,5/26/23,11/14/23,30,2,1,21.2,57.7,30.46,,1990
2023,Saint Paul,15.5,48,30,2,27,Era Hybrids,A632 x W64A,4,6,204015,ERA23:204015,5/26/23,11/14/23,31,1,5,19.2,58.2,15.97,,1970
2023,Saint Paul,15.5,48,30,2,27,Era Hybrids,LH145 x LH38,5,9,205001,ERA23:205001,6/5/23,11/14/23,41,0,0,25.8,55.9,15.25,,1980
2023,Saint Paul,15.5,48,30,2,27,Era Hybrids,PHG29 x PHG47,5,8,205002,ERA23:205002,6/5/23,11/14/23,27,1,0,22.4,57.2,22.77,,1980
2023,Saint Paul,15.5,48,30,2,27,Era Hybrids,LH227 x LH295,5,13,205003,ERA23:205003,6/5/23,11/14/23,23,0,0,20.4,57.8,20.92,,2000
2023,Saint Paul,15.5,48,30,2,27,Era Hybrids,A632 x A619,5,5,205004,ERA23:205004,6/5/23,11/14/23,38,4,1,16.3,59.4,23.37,,1970
2023,Saint Paul,15.5,48,30,2,27,Era Hybrids,DKC49-72RIB x DKC49-72RIB,5,14,205005,ERA23:205005,6/5/23,11/14/23,25,0,0,20,57.3,21.27,,2020
2023,Saint Paul,15.5,48,30,2,27,Era Hybrids,LH146Ht x LH82,5,12,205006,ERA23:205006,6/5/23,11/14/23,41,3,0,15.7,60,22.62,,1990
2023,Saint Paul,15.5,48,30,2,27,Era Hybrids,W64A x W117Ht,5,1,205007,ERA23:205007,6/5/23,11/14/23,35,3,0,20.3,57.8,15.93,,1950
2023,Saint Paul,15.5,48,30,2,27,Era Hybrids,A635 x W64A,5,3,205008,ERA23:205008,6/5/23,11/14/23,40,0,0,14.9,59.8,16.92,,1960
2023,Saint Paul,15.5,48,30,2,27,Era Hybrids,A632 x W64A,5,6,205009,ERA23:205009,6/5/23,11/14/23,34,2,0,22.2,56.6,15.98,,1970
2023,Saint Paul,15.5,48,30,2,27,Era Hybrids,LH74 x LH51,5,10,205010,ERA23:205010,6/5/23,11/14/23,36,2,0,14.8,60.5,21.2,,1980
2023,Saint Paul,15.5,48,30,2,27,Era Hybrids,A632 x W153R,5,4,205011,ERA23:205011,6/5/23,11/14/23,41,5,0,16.3,59.4,14.98,,1960
2023,Saint Paul,15.5,48,30,2,27,Era Hybrids,PHRE1 x PHP02,5,11,205012,ERA23:205012,6/5/23,11/14/23,33,0,0,19.6,57.5,15.4,,1990
2023,Saint Paul,15.5,48,30,2,27,Era Hybrids,W64A x Oh43,5,2,205013,ERA23:205013,6/5/23,11/14/23,33,0,0,20,57.9,20.2,,1950
2023,Saint Paul,15.5,48,30,2,27,Era Hybrids,DKC50-87RIB x DKC50-87RIB,5,15,205014,ERA23:205014,6/5/23,11/14/23,38,0,0,23.2,56.8,21.2,,2020
2023,Saint Paul,15.5,48,30,2,27,Era Hybrids,B73 x Mo17,5,7,205015,ERA23:205015,6/5/23,11/14/23,38,0,0,26.9,55.1,23.98,,1970
2023,Saint Paul,15.5,48,30,2,27,Era Hybrids,A635 x W64A,6,3,206001,ERA23:206001,6/5/23,11/14/23,39,0,0,20.3,57.6,19.33,,1960
2023,Saint Paul,15.5,48,30,2,27,Era Hybrids,LH227 x LH295,6,13,206002,ERA23:206002,6/5/23,11/14/23,39,0,0,18.4,57.6,21.44,,2000
2023,Saint Paul,15.5,48,30,2,27,Era Hybrids,A632 x W64A,6,6,206003,ERA23:206003,6/5/23,11/14/23,44,0,0,23.5,56,12.78,,1970
2023,Saint Paul,15.5,48,30,2,27,Era Hybrids,W64A x Oh43,6,2,206004,ERA23:206004,6/5/23,11/14/23,25,0,0,25.1,55.3,11.85,,1950
2023,Saint Paul,15.5,48,30,2,27,Era Hybrids,LH145 x LH38,6,9,206005,ERA23:206005,6/5/23,11/14/23,25,0,0,23.9,56,13.5,,1980
2023,Saint Paul,15.5,48,30,2,27,Era Hybrids,DKC50-87RIB x DKC50-87RIB,6,15,206006,ERA23:206006,6/5/23,11/14/23,42,0,0,28.9,55.3,25.3,,2020
2023,Saint Paul,15.5,48,30,2,27,Era Hybrids,B73 x Mo17,6,7,206007,ERA23:206007,6/5/23,11/14/23,31,1,0,47.4,54,18.07,,1970
2023,Saint Paul,15.5,48,30,2,27,Era Hybrids,PHRE1 x PHP02,6,11,206008,ERA23:206008,6/5/23,11/14/23,21,2,0,15.9,57.7,9.44,,1990
2023,Saint Paul,15.5,48,30,2,27,Era Hybrids,LH146Ht x LH82,6,12,206009,ERA23:206009,6/5/23,11/14/23,31,3,0,28.2,55.5,18.26,,1990
2023,Saint Paul,15.5,48,30,2,27,Era Hybrids,PHG29 x PHG47,6,8,206010,ERA23:206010,6/5/23,11/14/23,28,0,0,26.2,56.1,17.13,,1980
2023,Saint Paul,15.5,48,30,2,27,Era Hybrids,A632 x W153R,6,4,206011,ERA23:206011,6/5/23,11/14/23,34,5,0,24,56.3,15.46,,1960
2023,Saint Paul,15.5,48,30,2,27,Era Hybrids,LH74 x LH51,6,10,206012,ERA23:206012,6/5/23,11/14/23,32,5,0,34.7,54.6,16.19,,1980
2023,Saint Paul,15.5,48,30,2,27,Era Hybrids,A632 x A619,6,5,206013,ERA23:206013,6/5/23,11/14/23,40,1,2,24.3,56.6,21.8,,1970
2023,Saint Paul,15.5,48,30,2,27,Era Hybrids,DKC49-72RIB x DKC49-72RIB,6,14,206014,ERA23:206014,6/5/23,11/14/23,49,0,0,21.2,57.5,28.63,,2020
2023,Saint Paul,15.5,48,30,2,27,Era Hybrids,W64A x W117Ht,6,1,206015,ERA23:206015,6/5/23,11/14/23,41,0,0,22.1,57.3,16.4,,1950
2023,Waseca,22,36,30,2,40,Era Hybrids,LH145 x LH38,7,9,207001,ERA23:207001,5/22/23,11/9/23,80,6,0,18.7,58.64052639,23.34,158.7968369,1980
2023,Waseca,22,36,30,2,40,Era Hybrids,A635 x W64A,7,3,207002,ERA23:207002,5/22/23,11/9/23,60,16,0,18.5,59.63846186,17.83,121.6072316,1960
2023,Waseca,22,36,30,2,40,Era Hybrids,LH74 x LH51,7,10,207003,ERA23:207003,5/22/23,11/9/23,58,0,0,22.5,58.18080429,26.73,173.3608833,1980
2023,Waseca,22,36,30,2,40,Era Hybrids,W64A x W117Ht,7,1,207004,ERA23:207004,5/22/23,11/9/23,72,0,0,18.6,59.45236299,17.15,116.825858,1950
2023,Waseca,22,36,30,2,40,Era Hybrids,A632 x W153R,7,4,207005,ERA23:207005,5/22/23,11/9/23,71,10,0,18,58.94072264,18,123.5198648,1960
2023,Waseca,22,36,30,2,40,Era Hybrids,B73 x Mo17,7,7,207006,ERA23:207006,5/22/23,11/9/23,76,0,0,22.7,56.90556221,19.5,126.1434066,1970
2023,Waseca,22,36,30,2,40,Era Hybrids,W64A x Oh43,7,2,207007,ERA23:207007,5/22/23,11/9/23,68,9,7,20.6,58.66210053,16.33,108.5068453,1950
2023,Waseca,22,36,30,2,40,Era Hybrids,A632 x W64A,7,6,207008,ERA23:207008,5/22/23,11/9/23,70,5,0,19.3,58.99395639,21.56,145.6038107,1970
2023,Waseca,22,36,30,2,40,Era Hybrids,LH146Ht x LH82,7,12,207009,ERA23:207009,5/22/23,11/9/23,71,0,4,17.9,58.69016445,22.34,153.4888301,1990
2023,Waseca,22,36,30,2,40,Era Hybrids,DKC50-87RIB x DKC50-87RIB,7,15,207010,ERA23:207010,5/22/23,11/9/23,81,0,0,19.1,57.77922713,31.19,211.1613094,2020
2023,Waseca,22,36,30,2,40,Era Hybrids,PHRE1 x PHP02,7,11,207011,ERA23:207011,5/22/23,11/9/23,77,0,0,17.4,57.29468601,27.06,187.0502485,1990
2023,Waseca,22,36,30,2,40,Era Hybrids,DKC49-72RIB x DKC49-72RIB,7,14,207012,ERA23:207012,5/22/23,11/9/23,74,0,0,18.7,,25.84,175.8059239,2020
2023,Waseca,22,36,30,2,40,Era Hybrids,LH227 x LH295,7,13,207013,ERA23:207013,5/22/23,11/9/23,64,0,0,17.5,57.39334823,23.59,162.866716,2000
2023,Waseca,22,36,30,2,40,Era Hybrids,PHG29 x PHG47,7,8,207014,ERA23:207014,5/22/23,11/9/23,72,0,0,17.4,57.13314306,23.31,161.1286509,1980
2023,Waseca,22,36,30,2,40,Era Hybrids,A632 x A619,7,5,207015,ERA23:207015,5/22/23,11/9/23,74,0,6,20.2,57.95208334,19.9,132.8943195,1970
2023,Waseca,22,36,30,2,40,Era Hybrids,A632 x A619,8,5,208001,ERA23:208001,5/22/23,11/9/23,75,6,0,19.9,57.44491568,22.11,148.2080211,1970
2023,Waseca,22,36,30,2,40,Era Hybrids,A635 x W64A,8,3,208002,ERA23:208002,5/22/23,11/9/23,68,4,0,18.6,60.08573059,17.49,119.1419391,1960
2023,Waseca,22,36,30,2,40,Era Hybrids,LH146Ht x LH82,8,12,208003,ERA23:208003,5/22/23,11/9/23,72,0,0,18.4,58.92818157,23.93,163.4117599,1990
2023,Waseca,22,36,30,2,40,Era Hybrids,LH227 x LH295,8,13,208004,ERA23:208004,5/22/23,11/9/23,68,0,0,19.4,58.01513946,27.64,186.4333187,2000
2023,Waseca,22,36,30,2,40,Era Hybrids,PHRE1 x PHP02,8,11,208005,ERA23:208005,5/22/23,11/9/23,76,0,0,19.2,57.73783285,21.84,147.6775385,1990
2023,Waseca,22,36,30,2,40,Era Hybrids,A632 x W153R,8,4,208006,ERA23:208006,5/22/23,11/9/23,76,0,2,17.5,58.52800761,17.51,120.8900465,1960
2023,Waseca,22,36,30,2,40,Era Hybrids,DKC50-87RIB x DKC50-87RIB,8,15,208007,ERA23:208007,5/22/23,11/9/23,76,0,0,19.1,59.05473232,30.34,205.4066729,2020
2023,Waseca,22,36,30,2,40,Era Hybrids,PHG29 x PHG47,8,8,208008,ERA23:208008,5/22/23,11/9/23,62,0,0,17.4,57.77115876,20.63,142.6033491,1980
2023,Waseca,22,36,30,2,40,Era Hybrids,LH74 x LH51,8,10,208009,ERA23:208009,5/22/23,11/9/23,71,0,0,20.1,57.44544188,27.17,181.6715275,1980
2023,Waseca,22,36,30,2,40,Era Hybrids,LH145 x LH38,8,9,208010,ERA23:208010,5/22/23,11/9/23,72,0,0,19.4,59.06727338,20.7,139.6226374,1980
2023,Waseca,22,36,30,2,40,Era Hybrids,DKC49-72RIB x DKC49-72RIB,8,14,208011,ERA23:208011,5/22/23,11/9/23,74,0,0,18.6,56.22816933,28.38,193.324656,2020
2023,Waseca,22,36,30,2,40,Era Hybrids,A632 x W64A,8,6,208012,ERA23:208012,5/22/23,11/9/23,78,0,0,19,58.6728876,20.89,141.6034742,1970
2023,Waseca,22,36,30,2,40,Era Hybrids,W64A x W117Ht,8,1,208013,ERA23:208013,5/22/23,11/9/23,71,0,2,18.7,57.91910824,16.09,109.4704844,1950
2023,Waseca,22,36,30,2,40,Era Hybrids,B73 x Mo17,8,7,208014,ERA23:208014,5/22/23,11/9/23,74,0,0,20.6,55.21418481,26.52,176.2156484,1970
2023,Waseca,22,36,30,2,40,Era Hybrids,W64A x Oh43,8,2,208015,ERA23:208015,5/22/23,11/9/23,77,6,18,20.4,57.37177409,16.89,112.5105292,1950
2023,Waseca,22,36,30,2,40,Era Hybrids,A632 x A619,9,5,209001,ERA23:209001,6/1/23,11/9/23,41,10,0,22.3,56.30350342,16.13,104.8831775,1970
2023,Waseca,22,36,30,2,40,Era Hybrids,A632 x W64A,9,6,209002,ERA23:209002,6/1/23,11/9/23,59,8,0,20.9,58.69840823,11.88,78.63997633,1970
2023,Waseca,22,36,30,2,40,Era Hybrids,W64A x Oh43,9,2,209003,ERA23:209003,6/1/23,11/9/23,59,4,4,24.6,57.08262801,15.99,100.8951429,1950
2023,Waseca,22,36,30,2,40,Era Hybrids,PHG29 x PHG47,9,8,209004,ERA23:209004,6/1/23,11/9/23,50,0,0,19,58.48284224,10.39,70.42891801,1980
2023,Waseca,22,36,30,2,40,Era Hybrids,PHRE1 x PHP02,9,11,209005,ERA23:209005,6/1/23,11/9/23,55,0,5,20.2,55.56331752,14.66,97.90104142,1990
2023,Waseca,22,36,30,2,40,Era Hybrids,DKC49-72RIB x DKC49-72RIB,9,14,209006,ERA23:209006,6/1/23,11/9/23,52,0,5,18.5,58.05837544,9.08,61.92897718,2020
2023,Waseca,22,36,30,2,40,Era Hybrids,DKC50-87RIB x DKC50-87RIB,9,15,209007,ERA23:209007,6/1/23,11/9/23,46,0,0,20.4,56.61317124,13.98,93.12594421,2020
2023,Waseca,22,36,30,2,40,Era Hybrids,B73 x Mo17,9,7,209008,ERA23:209008,6/1/23,11/9/23,54,8,0,21.4,54.69324828,10.42,68.53946577,1970
2023,Waseca,22,36,30,2,40,Era Hybrids,LH145 x LH38,9,9,209009,ERA23:209009,6/1/23,11/9/23,68,6,0,20.4,58.61921535,13.32,88.72944041,1980
2023,Waseca,22,36,30,2,40,Era Hybrids,A635 x W64A,9,3,209010,ERA23:209010,6/1/23,11/9/23,42,0,0,21,58.98352012,14.34,94.80400676,1960
2023,Waseca,22,36,30,2,40,Era Hybrids,A632 x W153R,9,4,209011,ERA23:209011,6/1/23,11/9/23,52,5,0,20.8,58.02662813,21.7,143.8253254,1960
2023,Waseca,22,36,30,2,40,Era Hybrids,W64A x W117Ht,9,1,209012,ERA23:209012,6/1/23,11/9/23,48,0,0,21.8,56.48144621,10.31,67.47080135,1950
2023,Waseca,22,36,30,2,40,Era Hybrids,LH74 x LH51,9,10,209013,ERA23:209013,6/1/23,11/9/23,39,0,0,23.1,56.13126111,9.63,61.97307946,1980
2023,Waseca,22,36,30,2,40,Era Hybrids,LH227 x LH295,9,13,209014,ERA23:209014,6/1/23,11/9/23,57,0,0,19.8,57.579184,9.79,65.70637532,2000
2023,Waseca,22,36,30,2,40,Era Hybrids,LH146Ht x LH82,9,12,209015,ERA23:209015,6/1/23,11/9/23,61,0,0,19.9,56.17993447,13.83,92.70542434,1990
2023,Waseca,22,36,30,2,40,Era Hybrids,W64A x W117Ht,10,1,210001,ERA23:210001,6/1/23,11/9/23,50,7,0,24,58.10222532,9.25,58.83093829,1950
2023,Waseca,22,36,30,2,40,Era Hybrids,PHRE1 x PHP02,10,11,210002,ERA23:210002,6/1/23,11/9/23,63,0,0,20.2,55.45509602,17.86,119.2709822,1990
2023,Waseca,22,36,30,2,40,Era Hybrids,A632 x A619,10,5,210003,ERA23:210003,6/1/23,11/9/23,44,9,0,19.9,57.63364555,9.51,63.74754776,1970
2023,Waseca,22,36,30,2,40,Era Hybrids,DKC49-72RIB x DKC49-72RIB,10,14,210004,ERA23:210004,6/1/23,11/9/23,57,0,0,20.8,56.61895942,14.41,95.50796957,2020
2023,Waseca,22,36,30,2,40,Era Hybrids,DKC50-87RIB x DKC50-87RIB,10,15,210005,ERA23:210005,6/1/23,11/9/23,53,0,0,23.4,54.11223743,8.75,56.09023669,2020
2023,Waseca,22,36,30,2,40,Era Hybrids,LH74 x LH51,10,10,210006,ERA23:210006,6/1/23,11/9/23,49,4,0,26.6,55.29127289,12.85,78.9313694,1980
2023,Waseca,22,36,30,2,40,Era Hybrids,LH145 x LH38,10,9,210007,ERA23:210007,6/1/23,11/9/23,55,6,0,23.9,55.9563878,13.31,84.76433559,1980
2023,Waseca,22,36,30,2,40,Era Hybrids,PHG29 x PHG47,10,8,210008,ERA23:210008,6/1/23,11/9/23,54,0,0,19.9,56.30069703,10.3,69.04308538,1980
2023,Waseca,22,36,30,2,40,Era Hybrids,A635 x W64A,10,3,210009,ERA23:210009,6/1/23,11/9/23,52,6,0,19.5,56.16528861,4.62,31.12349112,1960
2023,Waseca,22,36,30,2,40,Era Hybrids,LH227 x LH295,10,13,210010,ERA23:210010,6/1/23,11/9/23,41,0,0,23.3,52.06190495,7.84,50.32246154,2000
2023,Waseca,22,36,30,2,40,Era Hybrids,W64A x Oh43,10,2,210011,ERA23:210011,6/1/23,11/9/23,50,0,0,22.1,56.73823108,9.78,63.75683686,1950
2023,Waseca,22,36,30,2,40,Era Hybrids,B73 x Mo17,10,7,210012,ERA23:210012,6/1/23,11/9/23,56,0,0,25.6,51.22182903,5.22,32.50078783,1970
2023,Waseca,22,36,30,2,40,Era Hybrids,A632 x W153R,10,4,210013,ERA23:210013,6/1/23,11/9/23,41,0,0,22.1,56.93380153,12.28,80.05459679,1960
2023,Waseca,22,36,30,2,40,Era Hybrids,A632 x W64A,10,6,210014,ERA23:210014,6/1/23,11/9/23,60,5,0,19.8,52.72307337,7.56,50.7395503,1970
2023,Waseca,22,36,30,2,40,Era Hybrids,LH146Ht x LH82,10,12,210015,ERA23:210015,6/1/23,11/9/23,57,0,0,20.4,56.61229424,12.61,83.99986813,1990
2023,Waseca,22,36,30,2,40,Era Hybrids,W64A x Oh43,11,2,211001,ERA23:211001,6/8/23,11/9/23,66,0,0,24,53.75056366,7.67,48.78197802,1950
2023,Waseca,22,36,30,2,40,Era Hybrids,A632 x W64A,11,6,211002,ERA23:211002,6/8/23,11/9/23,67,0,0,28.8,49.69646726,7.57,45.10516991,1970
2023,Waseca,22,36,30,2,40,Era Hybrids,A632 x W153R,11,4,211003,ERA23:211003,6/8/23,11/9/23,55,0,0,27.7,54.34569417,12.41,75.08626965,1960
2023,Waseca,22,36,30,2,40,Era Hybrids,LH227 x LH295,11,13,211004,ERA23:211004,6/8/23,11/9/23,61,0,0,27,49.19938507,13.68,83.57173288,2000
2023,Waseca,22,36,30,2,40,Era Hybrids,PHRE1 x PHP02,11,11,211005,ERA23:211005,6/8/23,11/9/23,76,0,0,26.5,52.51654046,19.33,118.8966568,1990
2023,Waseca,22,36,30,2,40,Era Hybrids,PHG29 x PHG47,11,8,211006,ERA23:211006,6/8/23,11/9/23,65,12,0,28.2,46.52638435,3.63,21.81129839,1980
2023,Waseca,22,36,30,2,40,Era Hybrids,B73 x Mo17,11,7,211007,ERA23:211007,6/8/23,11/9/23,56,12,0,29.6,44.31336882,2.44,14.37516822,1970
2023,Waseca,22,36,30,2,40,Era Hybrids,W64A x W117Ht,11,1,211008,ERA23:211008,6/8/23,11/9/23,66,0,0,28.4,49.26384438,10.89,65.25162806,1950
2023,Waseca,22,36,30,2,40,Era Hybrids,DKC50-87RIB x DKC50-87RIB,11,15,211009,ERA23:211009,6/8/23,11/9/23,78,0,0,28.7,48.01868331,13.01,77.62779966,2020
2023,Waseca,22,36,30,2,40,Era Hybrids,DKC49-72RIB x DKC49-72RIB,11,14,211010,ERA23:211010,6/8/23,11/9/23,70,0,0,28.5,50.53338598,18.64,111.5327473,2020
2023,Waseca,22,36,30,2,40,Era Hybrids,LH145 x LH38,11,9,211011,ERA23:211011,6/8/23,11/9/23,78,0,0,27.2,52.37052037,11.57,70.488,1980
2023,Waseca,22,36,30,2,40,Era Hybrids,LH74 x LH51,11,10,211012,ERA23:211012,6/8/23,11/9/23,57,0,0,29.9,46.55848246,7.39,43.35237616,1980
2023,Waseca,22,36,30,2,40,Era Hybrids,A635 x W64A,11,3,211013,ERA23:211013,6/8/23,11/9/23,68,0,0,29.2,48.88708625,9.22,54.62791547,1960
2023,Waseca,22,36,30,2,40,Era Hybrids,LH146Ht x LH82,11,12,211014,ERA23:211014,6/8/23,11/9/23,61,0,0,27.2,50.96837675,13.63,83.03815385,1990
2023,Waseca,22,36,30,2,40,Era Hybrids,A632 x A619,11,5,211015,ERA23:211015,6/8/23,11/9/23,81,7,0,31.3,50.14312209,15.28,87.8477295,1970
2023,Waseca,22,36,30,2,40,Era Hybrids,A632 x W64A,12,6,212001,ERA23:212001,6/8/23,11/9/23,75,0,0,29.3,47.91528531,12.44,73.60210651,1970
2023,Waseca,22,36,30,2,40,Era Hybrids,LH74 x LH51,12,10,212002,ERA23:212002,6/8/23,11/9/23,64,6,0,28.8,46.92875081,6.32,37.65715638,1980
2023,Waseca,22,36,30,2,40,Era Hybrids,DKC50-87RIB x DKC50-87RIB,12,15,212003,ERA23:212003,6/8/23,11/9/23,69,0,0,29.8,46.99549032,7.59,44.58916484,2020
2023,Waseca,22,36,30,2,40,Era Hybrids,B73 x Mo17,12,7,212004,ERA23:212004,6/8/23,11/9/23,77,17,0,29.6,48.3075663,1.34,7.894559594,1970
2023,Waseca,22,36,30,2,40,Era Hybrids,PHG29 x PHG47,12,8,212005,ERA23:212005,6/8/23,11/9/23,66,0,0,30.3,46.33853148,11.46,66.84483347,1980
2023,Waseca,22,36,30,2,40,Era Hybrids,DKC49-72RIB x DKC49-72RIB,12,14,212006,ERA23:212006,6/8/23,11/9/23,70,0,0,31.1,47.29630046,18.25,105.2282967,2020
2023,Waseca,22,36,30,2,40,Era Hybrids,LH146Ht x LH82,12,12,212007,ERA23:212007,6/8/23,11/9/23,76,0,0,30.3,47.3886483,19.61,114.3828259,1990
2023,Waseca,22,36,30,2,40,Era Hybrids,A632 x W153R,12,4,212008,ERA23:212008,6/8/23,11/9/23,61,0,0,27.1,51.24752506,16.12,98.3429011,1960
2023,Waseca,22,36,30,2,40,Era Hybrids,W64A x W117Ht,12,1,212009,ERA23:212009,6/8/23,11/9/23,56,0,0,28.3,49.80565345,10.22,61.32259172,1950
2023,Waseca,22,36,30,2,40,Era Hybrids,A632 x A619,12,5,212010,ERA23:212010,6/8/23,11/9/23,70,0,0,28,49.63306034,7.14,43.02106509,1970
2023,Waseca,22,36,30,2,40,Era Hybrids,LH145 x LH38,12,9,212011,ERA23:212011,6/8/23,11/9/23,78,0,0,26.9,50.78499657,10.07,61.60235249,1980
2023,Waseca,22,36,30,2,40,Era Hybrids,LH227 x LH295,12,13,212012,ERA23:212012,6/8/23,11/9/23,61,0,0,29,49.86432458,14.42,85.67893491,2000
2023,Waseca,22,36,30,2,40,Era Hybrids,A635 x W64A,12,3,212013,ERA23:212013,6/8/23,11/9/23,71,11,0,27.8,49.46529071,10.2,61.62938292,1960
2023,Waseca,22,36,30,2,40,Era Hybrids,PHRE1 x PHP02,12,11,212014,ERA23:212014,6/8/23,11/9/23,74,6,0,29.5,46.6830161,21.49,126.7873669,1990
2023,Waseca,22,36,30,2,40,Era Hybrids,W64A x Oh43,12,2,212015,ERA23:212015,6/8/23,11/9/23,65,32,0,27.1,48.26248862,5.02,30.62539476,1950