Year,Field,Range,3,4,5,6,7,8,9,10,11,12,13,14,15,16,17,18,19,20,21,22,23,24,25,26,27,28,29,30,31,32,33,34,35,36,37,38,39,40,41,42,43,44,45,46,47,48,49,50
2022,X9,51,YCH22:2573,YCH22:2574,YCH22:2575,YCH22:2576,YCH22:2577,YCH22:2578,YCH22:2579,YCH22:2580,B73 x Mo17,B73 x Mo17,B73 x Mo17,B73 x Mo17,B73 x Mo17,B73 x Mo17,B73 x Mo17,B73 x Mo17,B73 x Mo17,B73 x Mo17,B73 x Mo17,B73 x Mo17,B73 x Mo17,B73 x Mo17,B73 x Mo17,B73 x Mo17,B73 x Mo17,B73 x Mo17,B73 x Mo17,B73 x Mo17,B73 x Mo17,B73 x Mo17,B73 x Mo17,B73 x Mo17,B73 x Mo17,B73 x Mo17,B73 x Mo17,B73 x Mo17,B73 x Mo17,B73 x Mo17,B73 x Mo17,B73 x Mo17,B73 x Mo17,B73 x Mo17,B73 x Mo17,B73 x Mo17,B73 x Mo17,B73 x Mo17,B73 x Mo17,B73 x Mo17
2022,X9,50,YCH22:2572,YCH22:2571,YCH22:2570,YCH22:2569,YCH22:2568,YCH22:2567,YCH22:2566,YCH22:2565,YCH22:2564,YCH22:2563,YCH22:2562,YCH22:2561,YCH22:2560,YCH22:2559,YCH22:2558,YCH22:2557,YCH22:2556,YCH22:2555,YCH22:2554,YCH22:2553,YCH22:2552,YCH22:2551,YCH22:2550,YCH22:2549,YCH22:2548,YCH22:2547,YCH22:2546,YCH22:2545,YCH22:2544,YCH22:2543,YCH22:2542,YCH22:2541,YCH22:2540,YCH22:2539,YCH22:2538,YCH22:2537,YCH22:2536,YCH22:2535,YCH22:2534,YCH22:2533,YCH22:2532,YCH22:2531,YCH22:2530,YCH22:2529,YCH22:2528,YCH22:2527,YCH22:2526,YCH22:2525
2022,X9,49,YCH22:2477,YCH22:2478,YCH22:2479,YCH22:2480,YCH22:2481,YCH22:2482,YCH22:2483,YCH22:2484,YCH22:2485,YCH22:2486,YCH22:2487,YCH22:2488,YCH22:2489,YCH22:2490,YCH22:2491,YCH22:2492,YCH22:2493,YCH22:2494,YCH22:2495,YCH22:2496,YCH22:2497,YCH22:2498,YCH22:2499,YCH22:2500,YCH22:2501,YCH22:2502,YCH22:2503,YCH22:2504,YCH22:2505,YCH22:2506,YCH22:2507,YCH22:2508,YCH22:2509,YCH22:2510,YCH22:2511,YCH22:2512,YCH22:2513,YCH22:2514,YCH22:2515,YCH22:2516,YCH22:2517,YCH22:2518,YCH22:2519,YCH22:2520,YCH22:2521,YCH22:2522,YCH22:2523,YCH22:2524
2022,X9,48,YCH22:2476,YCH22:2475,YCH22:2474,YCH22:2473,YCH22:2472,YCH22:2471,YCH22:2470,YCH22:2469,YCH22:2468,YCH22:2467,YCH22:2466,YCH22:2465,YCH22:2464,YCH22:2463,YCH22:2462,YCH22:2461,YCH22:2460,YCH22:2459,YCH22:2458,YCH22:2457,YCH22:2456,YCH22:2455,YCH22:2454,YCH22:2453,YCH22:2452,YCH22:2451,YCH22:2450,YCH22:2449,YCH22:2448,YCH22:2447,YCH22:2446,YCH22:2445,YCH22:2444,YCH22:2443,YCH22:2442,YCH22:2441,YCH22:2440,YCH22:2439,YCH22:2438,YCH22:2437,YCH22:2436,YCH22:2435,YCH22:2434,YCH22:2433,YCH22:2432,YCH22:2431,YCH22:2430,YCH22:2429
2022,X9,47,YCH22:2381,YCH22:2382,YCH22:2383,YCH22:2384,YCH22:2385,YCH22:2386,YCH22:2387,YCH22:2388,YCH22:2389,YCH22:2390,YCH22:2391,YCH22:2392,YCH22:2393,YCH22:2394,YCH22:2395,YCH22:2396,YCH22:2397,YCH22:2398,YCH22:2399,YCH22:2400,YCH22:2401,YCH22:2402,YCH22:2403,YCH22:2404,YCH22:2405,YCH22:2406,YCH22:2407,YCH22:2408,YCH22:2409,YCH22:2410,YCH22:2411,YCH22:2412,YCH22:2413,YCH22:2414,YCH22:2415,YCH22:2416,YCH22:2417,YCH22:2418,YCH22:2419,YCH22:2420,YCH22:2421,YCH22:2422,YCH22:2423,YCH22:2424,YCH22:2425,YCH22:2426,YCH22:2427,YCH22:2428
2022,X9,46,YCH22:2380,YCH22:2379,YCH22:2378,YCH22:2377,YCH22:2376,YCH22:2375,YCH22:2374,YCH22:2373,YCH22:2372,YCH22:2371,YCH22:2370,YCH22:2369,YCH22:2368,YCH22:2367,YCH22:2366,YCH22:2365,YCH22:2364,YCH22:2363,YCH22:2362,YCH22:2361,YCH22:2360,YCH22:2359,YCH22:2358,YCH22:2357,YCH22:2356,YCH22:2355,YCH22:2354,YCH22:2353,YCH22:2352,YCH22:2351,YCH22:2350,YCH22:2349,YCH22:2348,YCH22:2347,YCH22:2346,YCH22:2345,YCH22:2344,YCH22:2343,YCH22:2342,YCH22:2341,YCH22:2340,YCH22:2339,YCH22:2338,YCH22:2337,YCH22:2336,YCH22:2335,YCH22:2334,YCH22:2333
2022,X9,45,YCH22:2285,YCH22:2286,YCH22:2287,YCH22:2288,YCH22:2289,YCH22:2290,YCH22:2291,YCH22:2292,YCH22:2293,YCH22:2294,YCH22:2295,YCH22:2296,YCH22:2297,YCH22:2298,YCH22:2299,YCH22:2300,YCH22:2301,YCH22:2302,YCH22:2303,YCH22:2304,YCH22:2305,YCH22:2306,YCH22:2307,YCH22:2308,YCH22:2309,YCH22:2310,YCH22:2311,YCH22:2312,YCH22:2313,YCH22:2314,YCH22:2315,YCH22:2316,YCH22:2317,YCH22:2318,YCH22:2319,YCH22:2320,YCH22:2321,YCH22:2322,YCH22:2323,YCH22:2324,YCH22:2325,YCH22:2326,YCH22:2327,YCH22:2328,YCH22:2329,YCH22:2330,YCH22:2331,YCH22:2332
2022,X9,44,YCH22:2284,YCH22:2283,YCH22:2282,YCH22:2281,YCH22:2280,YCH22:2279,YCH22:2278,YCH22:2277,YCH22:2276,YCH22:2275,YCH22:2274,YCH22:2273,YCH22:2272,YCH22:2271,YCH22:2270,YCH22:2269,YCH22:2268,YCH22:2267,YCH22:2266,YCH22:2265,YCH22:2264,YCH22:2263,YCH22:2262,YCH22:2261,YCH22:2260,YCH22:2259,YCH22:2258,YCH22:2257,YCH22:2256,YCH22:2255,YCH22:2254,YCH22:2253,YCH22:2252,YCH22:2251,YCH22:2250,YCH22:2249,YCH22:2248,YCH22:2247,YCH22:2246,YCH22:2245,YCH22:2244,YCH22:2243,YCH22:2242,YCH22:2241,YCH22:2240,YCH22:2239,YCH22:2238,YCH22:2237
2022,X9,43,YCH22:2189,YCH22:2190,YCH22:2191,YCH22:2192,YCH22:2193,YCH22:2194,YCH22:2195,YCH22:2196,YCH22:2197,YCH22:2198,YCH22:2199,YCH22:2200,YCH22:2201,YCH22:2202,YCH22:2203,YCH22:2204,YCH22:2205,YCH22:2206,YCH22:2207,YCH22:2208,YCH22:2209,YCH22:2210,YCH22:2211,YCH22:2212,YCH22:2213,YCH22:2214,YCH22:2215,YCH22:2216,YCH22:2217,YCH22:2218,YCH22:2219,YCH22:2220,YCH22:2221,YCH22:2222,YCH22:2223,YCH22:2224,YCH22:2225,YCH22:2226,YCH22:2227,YCH22:2228,YCH22:2229,YCH22:2230,YCH22:2231,YCH22:2232,YCH22:2233,YCH22:2234,YCH22:2235,YCH22:2236
2022,X9,42,YCH22:2188,YCH22:2187,YCH22:2186,YCH22:2185,YCH22:2184,YCH22:2183,YCH22:2182,YCH22:2181,YCH22:2180,YCH22:2179,YCH22:2178,YCH22:2177,YCH22:2176,YCH22:2175,YCH22:2174,YCH22:2173,YCH22:2172,YCH22:2171,YCH22:2170,YCH22:2169,YCH22:2168,YCH22:2167,YCH22:2166,YCH22:2165,YCH22:2164,YCH22:2163,YCH22:2162,YCH22:2161,YCH22:2160,YCH22:2159,YCH22:2158,YCH22:2157,YCH22:2156,YCH22:2155,YCH22:2154,YCH22:2153,YCH22:2152,YCH22:2151,YCH22:2150,YCH22:2149,YCH22:2148,YCH22:2147,YCH22:2146,YCH22:2145,YCH22:2144,YCH22:2143,YCH22:2142,YCH22:2141
2022,X9,41,YCH22:2093,YCH22:2094,YCH22:2095,YCH22:2096,YCH22:2097,YCH22:2098,YCH22:2099,YCH22:2100,YCH22:2101,YCH22:2102,YCH22:2103,YCH22:2104,YCH22:2105,YCH22:2106,YCH22:2107,YCH22:2108,YCH22:2109,YCH22:2110,YCH22:2111,YCH22:2112,YCH22:2113,YCH22:2114,YCH22:2115,YCH22:2116,YCH22:2117,YCH22:2118,YCH22:2119,YCH22:2120,YCH22:2121,YCH22:2122,YCH22:2123,YCH22:2124,YCH22:2125,YCH22:2126,YCH22:2127,YCH22:2128,YCH22:2129,YCH22:2130,YCH22:2131,YCH22:2132,YCH22:2133,YCH22:2134,YCH22:2135,YCH22:2136,YCH22:2137,YCH22:2138,YCH22:2139,YCH22:2140
2022,X9,40,YCH22:2092,YCH22:2091,YCH22:2090,YCH22:2089,YCH22:2088,YCH22:2087,YCH22:2086,YCH22:2085,YCH22:2084,YCH22:2083,YCH22:2082,YCH22:2081,YCH22:2080,YCH22:2079,YCH22:2078,YCH22:2077,YCH22:2076,YCH22:2075,YCH22:2074,YCH22:2073,YCH22:2072,YCH22:2071,YCH22:2070,YCH22:2069,YCH22:2068,YCH22:2067,YCH22:2066,YCH22:2065,YCH22:2064,YCH22:2063,YCH22:2062,YCH22:2061,YCH22:2060,YCH22:2059,YCH22:2058,YCH22:2057,YCH22:2056,YCH22:2055,YCH22:2054,YCH22:2053,YCH22:2052,YCH22:2051,YCH22:2050,YCH22:2049,YCH22:2048,YCH22:2047,YCH22:2046,YCH22:2045
2022,X9,39,YCH22:1577,YCH22:1578,YCH22:1579,YCH22:1580,YCH22:2001,YCH22:2002,YCH22:2003,YCH22:2004,YCH22:2005,YCH22:2006,YCH22:2007,YCH22:2008,YCH22:2009,YCH22:2010,YCH22:2011,YCH22:2012,YCH22:2013,YCH22:2014,YCH22:2015,YCH22:2016,YCH22:2017,YCH22:2018,YCH22:2019,YCH22:2020,YCH22:2021,YCH22:2022,YCH22:2023,YCH22:2024,YCH22:2025,YCH22:2026,YCH22:2027,YCH22:2028,YCH22:2029,YCH22:2030,YCH22:2031,YCH22:2032,YCH22:2033,YCH22:2034,YCH22:2035,YCH22:2036,YCH22:2037,YCH22:2038,YCH22:2039,YCH22:2040,YCH22:2041,YCH22:2042,YCH22:2043,YCH22:2044
2022,X9,38,YCH22:1576,YCH22:1575,YCH22:1574,YCH22:1573,YCH22:1572,YCH22:1571,YCH22:1570,YCH22:1569,YCH22:1568,YCH22:1567,YCH22:1566,YCH22:1565,YCH22:1564,YCH22:1563,YCH22:1562,YCH22:1561,YCH22:1560,YCH22:1559,YCH22:1558,YCH22:1557,YCH22:1556,YCH22:1555,YCH22:1554,YCH22:1553,YCH22:1552,YCH22:1551,YCH22:1550,YCH22:1549,YCH22:1548,YCH22:1547,YCH22:1546,YCH22:1545,YCH22:1544,YCH22:1543,YCH22:1542,YCH22:1541,YCH22:1540,YCH22:1539,YCH22:1538,YCH22:1537,YCH22:1536,YCH22:1535,YCH22:1534,YCH22:1533,YCH22:1532,YCH22:1531,YCH22:1530,YCH22:1529
2022,X9,37,YCH22:1481,YCH22:1482,YCH22:1483,YCH22:1484,YCH22:1485,YCH22:1486,YCH22:1487,YCH22:1488,YCH22:1489,YCH22:1490,YCH22:1491,YCH22:1492,YCH22:1493,YCH22:1494,YCH22:1495,YCH22:1496,YCH22:1497,YCH22:1498,YCH22:1499,YCH22:1500,YCH22:1501,YCH22:1502,YCH22:1503,YCH22:1504,YCH22:1505,YCH22:1506,YCH22:1507,YCH22:1508,YCH22:1509,YCH22:1510,YCH22:1511,YCH22:1512,YCH22:1513,YCH22:1514,YCH22:1515,YCH22:1516,YCH22:1517,YCH22:1518,YCH22:1519,YCH22:1520,YCH22:1521,YCH22:1522,YCH22:1523,YCH22:1524,YCH22:1525,YCH22:1526,YCH22:1527,YCH22:1528
2022,X9,36,YCH22:1480,YCH22:1479,YCH22:1478,YCH22:1477,YCH22:1476,YCH22:1475,YCH22:1474,YCH22:1473,YCH22:1472,YCH22:1471,YCH22:1470,YCH22:1469,YCH22:1468,YCH22:1467,YCH22:1466,YCH22:1465,YCH22:1464,YCH22:1463,YCH22:1462,YCH22:1461,YCH22:1460,YCH22:1459,YCH22:1458,YCH22:1457,YCH22:1456,YCH22:1455,YCH22:1454,YCH22:1453,YCH22:1452,YCH22:1451,YCH22:1450,YCH22:1449,YCH22:1448,YCH22:1447,YCH22:1446,YCH22:1445,YCH22:1444,YCH22:1443,YCH22:1442,YCH22:1441,YCH22:1440,YCH22:1439,YCH22:1438,YCH22:1437,YCH22:1436,YCH22:1435,YCH22:1434,YCH22:1433
2022,X9,35,YCH22:1385,YCH22:1386,YCH22:1387,YCH22:1388,YCH22:1389,YCH22:1390,YCH22:1391,YCH22:1392,YCH22:1393,YCH22:1394,YCH22:1395,YCH22:1396,YCH22:1397,YCH22:1398,YCH22:1399,YCH22:1400,YCH22:1401,YCH22:1402,YCH22:1403,YCH22:1404,YCH22:1405,YCH22:1406,YCH22:1407,YCH22:1408,YCH22:1409,YCH22:1410,YCH22:1411,YCH22:1412,YCH22:1413,YCH22:1414,YCH22:1415,YCH22:1416,YCH22:1417,YCH22:1418,YCH22:1419,YCH22:1420,YCH22:1421,YCH22:1422,YCH22:1423,YCH22:1424,YCH22:1425,YCH22:1426,YCH22:1427,YCH22:1428,YCH22:1429,YCH22:1430,YCH22:1431,YCH22:1432
2022,X9,34,YCH22:1384,YCH22:1383,YCH22:1382,YCH22:1381,YCH22:1380,YCH22:1379,YCH22:1378,YCH22:1377,YCH22:1376,YCH22:1375,YCH22:1374,YCH22:1373,YCH22:1372,YCH22:1371,YCH22:1370,YCH22:1369,YCH22:1368,YCH22:1367,YCH22:1366,YCH22:1365,YCH22:1364,YCH22:1363,YCH22:1362,YCH22:1361,YCH22:1360,YCH22:1359,YCH22:1358,YCH22:1357,YCH22:1356,YCH22:1355,YCH22:1354,YCH22:1353,YCH22:1352,YCH22:1351,YCH22:1350,YCH22:1349,YCH22:1348,YCH22:1347,YCH22:1346,YCH22:1345,YCH22:1344,YCH22:1343,YCH22:1342,YCH22:1341,YCH22:1340,YCH22:1339,YCH22:1338,YCH22:1337
2022,X9,33,YCH22:1289,YCH22:1290,YCH22:1291,YCH22:1292,YCH22:1293,YCH22:1294,YCH22:1295,YCH22:1296,YCH22:1297,YCH22:1298,YCH22:1299,YCH22:1300,YCH22:1301,YCH22:1302,YCH22:1303,YCH22:1304,YCH22:1305,YCH22:1306,YCH22:1307,YCH22:1308,YCH22:1309,YCH22:1310,YCH22:1311,YCH22:1312,YCH22:1313,YCH22:1314,YCH22:1315,YCH22:1316,YCH22:1317,YCH22:1318,YCH22:1319,YCH22:1320,YCH22:1321,YCH22:1322,YCH22:1323,YCH22:1324,YCH22:1325,YCH22:1326,YCH22:1327,YCH22:1328,YCH22:1329,YCH22:1330,YCH22:1331,YCH22:1332,YCH22:1333,YCH22:1334,YCH22:1335,YCH22:1336
2022,X9,32,YCH22:1288,YCH22:1287,YCH22:1286,YCH22:1285,YCH22:1284,YCH22:1283,YCH22:1282,YCH22:1281,YCH22:1280,YCH22:1279,YCH22:1278,YCH22:1277,YCH22:1276,YCH22:1275,YCH22:1274,YCH22:1273,YCH22:1272,YCH22:1271,YCH22:1270,YCH22:1269,YCH22:1268,YCH22:1267,YCH22:1266,YCH22:1265,YCH22:1264,YCH22:1263,YCH22:1262,YCH22:1261,YCH22:1260,YCH22:1259,YCH22:1258,YCH22:1257,YCH22:1256,YCH22:1255,YCH22:1254,YCH22:1253,YCH22:1252,YCH22:1251,YCH22:1250,YCH22:1249,YCH22:1248,YCH22:1247,YCH22:1246,YCH22:1245,YCH22:1244,YCH22:1243,YCH22:1242,YCH22:1241
2022,X9,31,YCH22:1193,YCH22:1194,YCH22:1195,YCH22:1196,YCH22:1197,YCH22:1198,YCH22:1199,YCH22:1200,YCH22:1201,YCH22:1202,YCH22:1203,YCH22:1204,YCH22:1205,YCH22:1206,YCH22:1207,YCH22:1208,YCH22:1209,YCH22:1210,YCH22:1211,YCH22:1212,YCH22:1213,YCH22:1214,YCH22:1215,YCH22:1216,YCH22:1217,YCH22:1218,YCH22:1219,YCH22:1220,YCH22:1221,YCH22:1222,YCH22:1223,YCH22:1224,YCH22:1225,YCH22:1226,YCH22:1227,YCH22:1228,YCH22:1229,YCH22:1230,YCH22:1231,YCH22:1232,YCH22:1233,YCH22:1234,YCH22:1235,YCH22:1236,YCH22:1237,YCH22:1238,YCH22:1239,YCH22:1240
2022,X9,30,YCH22:1192,YCH22:1191,YCH22:1190,YCH22:1189,YCH22:1188,YCH22:1187,YCH22:1186,YCH22:1185,YCH22:1184,YCH22:1183,YCH22:1182,YCH22:1181,YCH22:1180,YCH22:1179,YCH22:1178,YCH22:1177,YCH22:1176,YCH22:1175,YCH22:1174,YCH22:1173,YCH22:1172,YCH22:1171,YCH22:1170,YCH22:1169,YCH22:1168,YCH22:1167,YCH22:1166,YCH22:1165,YCH22:1164,YCH22:1163,YCH22:1162,YCH22:1161,YCH22:1160,YCH22:1159,YCH22:1158,YCH22:1157,YCH22:1156,YCH22:1155,YCH22:1154,YCH22:1153,YCH22:1152,YCH22:1151,YCH22:1150,YCH22:1149,YCH22:1148,YCH22:1147,YCH22:1146,YCH22:1145
2022,X9,29,YCH22:1097,YCH22:1098,YCH22:1099,YCH22:1100,YCH22:1101,YCH22:1102,YCH22:1103,YCH22:1104,YCH22:1105,YCH22:1106,YCH22:1107,YCH22:1108,YCH22:1109,YCH22:1110,YCH22:1111,YCH22:1112,YCH22:1113,YCH22:1114,YCH22:1115,YCH22:1116,YCH22:1117,YCH22:1118,YCH22:1119,YCH22:1120,YCH22:1121,YCH22:1122,YCH22:1123,YCH22:1124,YCH22:1125,YCH22:1126,YCH22:1127,YCH22:1128,YCH22:1129,YCH22:1130,YCH22:1131,YCH22:1132,YCH22:1133,YCH22:1134,YCH22:1135,YCH22:1136,YCH22:1137,YCH22:1138,YCH22:1139,YCH22:1140,YCH22:1141,YCH22:1142,YCH22:1143,YCH22:1144
2022,X9,28,YCH22:1096,YCH22:1095,YCH22:1094,YCH22:1093,YCH22:1092,YCH22:1091,YCH22:1090,YCH22:1089,YCH22:1088,YCH22:1087,YCH22:1086,YCH22:1085,YCH22:1084,YCH22:1083,YCH22:1082,YCH22:1081,YCH22:1080,YCH22:1079,YCH22:1078,YCH22:1077,YCH22:1076,YCH22:1075,YCH22:1074,YCH22:1073,YCH22:1072,YCH22:1071,YCH22:1070,YCH22:1069,YCH22:1068,YCH22:1067,YCH22:1066,YCH22:1065,YCH22:1064,YCH22:1063,YCH22:1062,YCH22:1061,YCH22:1060,YCH22:1059,YCH22:1058,YCH22:1057,YCH22:1056,YCH22:1055,YCH22:1054,YCH22:1053,YCH22:1052,YCH22:1051,YCH22:1050,YCH22:1049
2022,X9,27,YCH22:1001,YCH22:1002,YCH22:1003,YCH22:1004,YCH22:1005,YCH22:1006,YCH22:1007,YCH22:1008,YCH22:1009,YCH22:1010,YCH22:1011,YCH22:1012,YCH22:1013,YCH22:1014,YCH22:1015,YCH22:1016,YCH22:1017,YCH22:1018,YCH22:1019,YCH22:1020,YCH22:1021,YCH22:1022,YCH22:1023,YCH22:1024,YCH22:1025,YCH22:1026,YCH22:1027,YCH22:1028,YCH22:1029,YCH22:1030,YCH22:1031,YCH22:1032,YCH22:1033,YCH22:1034,YCH22:1035,YCH22:1036,YCH22:1037,YCH22:1038,YCH22:1039,YCH22:1040,YCH22:1041,YCH22:1042,YCH22:1043,YCH22:1044,YCH22:1045,YCH22:1046,YCH22:1047,YCH22:1048
2022,X9,23,YC22:2441,YC22:2442,YC22:2443,YC22:2444,YC22:2445,YC22:2446,YC22:2447,YC22:2448,YC22:2449,YC22:2450,YC22:2451,YC22:2452,YC22:2453,YC22:2454,YC22:2455,YC22:2456,YC22:2457,YC22:2458,YC22:2459,YC22:2460,YC22:2461,YC22:2462,YC22:2463,YC22:2464,YC22:2465,YC22:2466,YC22:2467,YC22:2468,YC22:2469,YC22:2470,YC22:2471,YC22:2472,YC22:2473,YC22:2474,YC22:2475,YC22:2476,YC22:2477,YC22:2478,YC22:2479,YC22:2480,YC22:2481,YC22:2482,YC22:2483,YC22:2484,YC22:2485,YC22:2486,YC22:2487,YC22:2488
2022,X9,22,YC22:2440,YC22:2439,YC22:2438,YC22:2437,YC22:2436,YC22:2435,YC22:2434,YC22:2433,YC22:2432,YC22:2431,YC22:2430,YC22:2429,YC22:2428,YC22:2427,YC22:2426,YC22:2425,YC22:2424,YC22:2423,YC22:2422,YC22:2421,YC22:2420,YC22:2419,YC22:2418,YC22:2417,YC22:2416,YC22:2415,YC22:2414,YC22:2413,YC22:2412,YC22:2411,YC22:2410,YC22:2409,YC22:2408,YC22:2407,YC22:2406,YC22:2405,YC22:2404,YC22:2403,YC22:2402,YC22:2401,YC22:2400,YC22:2399,YC22:2398,YC22:2397,YC22:2396,YC22:2395,YC22:2394,YC22:2393
2022,X9,21,YC22:2345,YC22:2346,YC22:2347,YC22:2348,YC22:2349,YC22:2350,YC22:2351,YC22:2352,YC22:2353,YC22:2354,YC22:2355,YC22:2356,YC22:2357,YC22:2358,YC22:2359,YC22:2360,YC22:2361,YC22:2362,YC22:2363,YC22:2364,YC22:2365,YC22:2366,YC22:2367,YC22:2368,YC22:2369,YC22:2370,YC22:2371,YC22:2372,YC22:2373,YC22:2374,YC22:2375,YC22:2376,YC22:2377,YC22:2378,YC22:2379,YC22:2380,YC22:2381,YC22:2382,YC22:2383,YC22:2384,YC22:2385,YC22:2386,YC22:2387,YC22:2388,YC22:2389,YC22:2390,YC22:2391,YC22:2392
2022,X9,20,YC22:2344,YC22:2343,YC22:2342,YC22:2341,YC22:2340,YC22:2339,YC22:2338,YC22:2337,YC22:2336,YC22:2335,YC22:2334,YC22:2333,YC22:2332,YC22:2331,YC22:2330,YC22:2329,YC22:2328,YC22:2327,YC22:2326,YC22:2325,YC22:2324,YC22:2323,YC22:2322,YC22:2321,YC22:2320,YC22:2319,YC22:2318,YC22:2317,YC22:2316,YC22:2315,YC22:2314,YC22:2313,YC22:2312,YC22:2311,YC22:2310,YC22:2309,YC22:2308,YC22:2307,YC22:2306,YC22:2305,YC22:2304,YC22:2303,YC22:2302,YC22:2301,YC22:2300,YC22:2299,YC22:2298,YC22:2297
2022,X9,19,YC22:2249,YC22:2250,YC22:2251,YC22:2252,YC22:2253,YC22:2254,YC22:2255,YC22:2256,YC22:2257,YC22:2258,YC22:2259,YC22:2260,YC22:2261,YC22:2262,YC22:2263,YC22:2264,YC22:2265,YC22:2266,YC22:2267,YC22:2268,YC22:2269,YC22:2270,YC22:2271,YC22:2272,YC22:2273,YC22:2274,YC22:2275,YC22:2276,YC22:2277,YC22:2278,YC22:2279,YC22:2280,YC22:2281,YC22:2282,YC22:2283,YC22:2284,YC22:2285,YC22:2286,YC22:2287,YC22:2288,YC22:2289,YC22:2290,YC22:2291,YC22:2292,YC22:2293,YC22:2294,YC22:2295,YC22:2296
2022,X9,18,YC22:2248,YC22:2247,YC22:2246,YC22:2245,YC22:2244,YC22:2243,YC22:2242,YC22:2241,YC22:2240,YC22:2239,YC22:2238,YC22:2237,YC22:2236,YC22:2235,YC22:2234,YC22:2233,YC22:2232,YC22:2231,YC22:2230,YC22:2229,YC22:2228,YC22:2227,YC22:2226,YC22:2225,YC22:2224,YC22:2223,YC22:2222,YC22:2221,YC22:2220,YC22:2219,YC22:2218,YC22:2217,YC22:2216,YC22:2215,YC22:2214,YC22:2213,YC22:2212,YC22:2211,YC22:2210,YC22:2209,YC22:2208,YC22:2207,YC22:2206,YC22:2205,YC22:2204,YC22:2203,YC22:2202,YC22:2201
2022,X9,17,YC22:2153,YC22:2154,YC22:2155,YC22:2156,YC22:2157,YC22:2158,YC22:2159,YC22:2160,YC22:2161,YC22:2162,YC22:2163,YC22:2164,YC22:2165,YC22:2166,YC22:2167,YC22:2168,YC22:2169,YC22:2170,YC22:2171,YC22:2172,YC22:2173,YC22:2174,YC22:2175,YC22:2176,YC22:2177,YC22:2178,YC22:2179,YC22:2180,YC22:2181,YC22:2182,YC22:2183,YC22:2184,YC22:2185,YC22:2186,YC22:2187,YC22:2188,YC22:2189,YC22:2190,YC22:2191,YC22:2192,YC22:2193,YC22:2194,YC22:2195,YC22:2196,YC22:2197,YC22:2198,YC22:2199,YC22:2200
2022,X9,16,YC22:2152,YC22:2151,YC22:2150,YC22:2149,YC22:2148,YC22:2147,YC22:2146,YC22:2145,YC22:2144,YC22:2143,YC22:2142,YC22:2141,YC22:2140,YC22:2139,YC22:2138,YC22:2137,YC22:2136,YC22:2135,YC22:2134,YC22:2133,YC22:2132,YC22:2131,YC22:2130,YC22:2129,YC22:2128,YC22:2127,YC22:2126,YC22:2125,YC22:2124,YC22:2123,YC22:2122,YC22:2121,YC22:2120,YC22:2119,YC22:2118,YC22:2117,YC22:2116,YC22:2115,YC22:2114,YC22:2113,YC22:2112,YC22:2111,YC22:2110,YC22:2109,YC22:2108,YC22:2107,YC22:2106,YC22:2105
2022,X9,15,YC22:2057,YC22:2058,YC22:2059,YC22:2060,YC22:2061,YC22:2062,YC22:2063,YC22:2064,YC22:2065,YC22:2066,YC22:2067,YC22:2068,YC22:2069,YC22:2070,YC22:2071,YC22:2072,YC22:2073,YC22:2074,YC22:2075,YC22:2076,YC22:2077,YC22:2078,YC22:2079,YC22:2080,YC22:2081,YC22:2082,YC22:2083,YC22:2084,YC22:2085,YC22:2086,YC22:2087,YC22:2088,YC22:2089,YC22:2090,YC22:2091,YC22:2092,YC22:2093,YC22:2094,YC22:2095,YC22:2096,YC22:2097,YC22:2098,YC22:2099,YC22:2100,YC22:2101,YC22:2102,YC22:2103,YC22:2104
2022,X9,14,YC22:2056,YC22:2055,YC22:2054,YC22:2053,YC22:2052,YC22:2051,YC22:2050,YC22:2049,YC22:2048,YC22:2047,YC22:2046,YC22:2045,YC22:2044,YC22:2043,YC22:2042,YC22:2041,YC22:2040,YC22:2039,YC22:2038,YC22:2037,YC22:2036,YC22:2035,YC22:2034,YC22:2033,YC22:2032,YC22:2031,YC22:2030,YC22:2029,YC22:2028,YC22:2027,YC22:2026,YC22:2025,YC22:2024,YC22:2023,YC22:2022,YC22:2021,YC22:2020,YC22:2019,YC22:2018,YC22:2017,YC22:2016,YC22:2015,YC22:2014,YC22:2013,YC22:2012,YC22:2011,YC22:2010,YC22:2009
2022,X9,13,YC22:1481,YC22:1482,YC22:1483,YC22:1484,YC22:1485,YC22:1486,YC22:1487,YC22:1488,YC22:1489,YC22:1490,YC22:1491,YC22:1492,YC22:1493,YC22:1494,YC22:1495,YC22:1496,YC22:1497,YC22:1498,YC22:1499,YC22:1500,YC22:1501,YC22:1502,YC22:1503,YC22:1504,YC22:1505,YC22:1506,YC22:1507,YC22:1508,YC22:1509,YC22:1510,YC22:1511,YC22:1512,YC22:1513,YC22:1514,YC22:1515,YC22:1516,YC22:1517,YC22:1518,YC22:1519,YC22:1520,YC22:2001,YC22:2002,YC22:2003,YC22:2004,YC22:2005,YC22:2006,YC22:2007,YC22:2008
2022,X9,12,YC22:1480,YC22:1479,YC22:1478,YC22:1477,YC22:1476,YC22:1475,YC22:1474,YC22:1473,YC22:1472,YC22:1471,YC22:1470,YC22:1469,YC22:1468,YC22:1467,YC22:1466,YC22:1465,YC22:1464,YC22:1463,YC22:1462,YC22:1461,YC22:1460,YC22:1459,YC22:1458,YC22:1457,YC22:1456,YC22:1455,YC22:1454,YC22:1453,YC22:1452,YC22:1451,YC22:1450,YC22:1449,YC22:1448,YC22:1447,YC22:1446,YC22:1445,YC22:1444,YC22:1443,YC22:1442,YC22:1441,YC22:1440,YC22:1439,YC22:1438,YC22:1437,YC22:1436,YC22:1435,YC22:1434,YC22:1433
2022,X9,11,YC22:1385,YC22:1386,YC22:1387,YC22:1388,YC22:1389,YC22:1390,YC22:1391,YC22:1392,YC22:1393,YC22:1394,YC22:1395,YC22:1396,YC22:1397,YC22:1398,YC22:1399,YC22:1400,YC22:1401,YC22:1402,YC22:1403,YC22:1404,YC22:1405,YC22:1406,YC22:1407,YC22:1408,YC22:1409,YC22:1410,YC22:1411,YC22:1412,YC22:1413,YC22:1414,YC22:1415,YC22:1416,YC22:1417,YC22:1418,YC22:1419,YC22:1420,YC22:1421,YC22:1422,YC22:1423,YC22:1424,YC22:1425,YC22:1426,YC22:1427,YC22:1428,YC22:1429,YC22:1430,YC22:1431,YC22:1432
2022,X9,10,YC22:1384,YC22:1383,YC22:1382,YC22:1381,YC22:1380,YC22:1379,YC22:1378,YC22:1377,YC22:1376,YC22:1375,YC22:1374,YC22:1373,YC22:1372,YC22:1371,YC22:1370,YC22:1369,YC22:1368,YC22:1367,YC22:1366,YC22:1365,YC22:1364,YC22:1363,YC22:1362,YC22:1361,YC22:1360,YC22:1359,YC22:1358,YC22:1357,YC22:1356,YC22:1355,YC22:1354,YC22:1353,YC22:1352,YC22:1351,YC22:1350,YC22:1349,YC22:1348,YC22:1347,YC22:1346,YC22:1345,YC22:1344,YC22:1343,YC22:1342,YC22:1341,YC22:1340,YC22:1339,YC22:1338,YC22:1337
2022,X9,9,YC22:1289,YC22:1290,YC22:1291,YC22:1292,YC22:1293,YC22:1294,YC22:1295,YC22:1296,YC22:1297,YC22:1298,YC22:1299,YC22:1300,YC22:1301,YC22:1302,YC22:1303,YC22:1304,YC22:1305,YC22:1306,YC22:1307,YC22:1308,YC22:1309,YC22:1310,YC22:1311,YC22:1312,YC22:1313,YC22:1314,YC22:1315,YC22:1316,YC22:1317,YC22:1318,YC22:1319,YC22:1320,YC22:1321,YC22:1322,YC22:1323,YC22:1324,YC22:1325,YC22:1326,YC22:1327,YC22:1328,YC22:1329,YC22:1330,YC22:1331,YC22:1332,YC22:1333,YC22:1334,YC22:1335,YC22:1336
2022,X9,8,YC22:1288,YC22:1287,YC22:1286,YC22:1285,YC22:1284,YC22:1283,YC22:1282,YC22:1281,YC22:1280,YC22:1279,YC22:1278,YC22:1277,YC22:1276,YC22:1275,YC22:1274,YC22:1273,YC22:1272,YC22:1271,YC22:1270,YC22:1269,YC22:1268,YC22:1267,YC22:1266,YC22:1265,YC22:1264,YC22:1263,YC22:1262,YC22:1261,YC22:1260,YC22:1259,YC22:1258,YC22:1257,YC22:1256,YC22:1255,YC22:1254,YC22:1253,YC22:1252,YC22:1251,YC22:1250,YC22:1249,YC22:1248,YC22:1247,YC22:1246,YC22:1245,YC22:1244,YC22:1243,YC22:1242,YC22:1241
2022,X9,7,YC22:1193,YC22:1194,YC22:1195,YC22:1196,YC22:1197,YC22:1198,YC22:1199,YC22:1200,YC22:1201,YC22:1202,YC22:1203,YC22:1204,YC22:1205,YC22:1206,YC22:1207,YC22:1208,YC22:1209,YC22:1210,YC22:1211,YC22:1212,YC22:1213,YC22:1214,YC22:1215,YC22:1216,YC22:1217,YC22:1218,YC22:1219,YC22:1220,YC22:1221,YC22:1222,YC22:1223,YC22:1224,YC22:1225,YC22:1226,YC22:1227,YC22:1228,YC22:1229,YC22:1230,YC22:1231,YC22:1232,YC22:1233,YC22:1234,YC22:1235,YC22:1236,YC22:1237,YC22:1238,YC22:1239,YC22:1240
2022,X9,6,YC22:1192,YC22:1191,YC22:1190,YC22:1189,YC22:1188,YC22:1187,YC22:1186,YC22:1185,YC22:1184,YC22:1183,YC22:1182,YC22:1181,YC22:1180,YC22:1179,YC22:1178,YC22:1177,YC22:1176,YC22:1175,YC22:1174,YC22:1173,YC22:1172,YC22:1171,YC22:1170,YC22:1169,YC22:1168,YC22:1167,YC22:1166,YC22:1165,YC22:1164,YC22:1163,YC22:1162,YC22:1161,YC22:1160,YC22:1159,YC22:1158,YC22:1157,YC22:1156,YC22:1155,YC22:1154,YC22:1153,YC22:1152,YC22:1151,YC22:1150,YC22:1149,YC22:1148,YC22:1147,YC22:1146,YC22:1145
2022,X9,5,YC22:1097,YC22:1098,YC22:1099,YC22:1100,YC22:1101,YC22:1102,YC22:1103,YC22:1104,YC22:1105,YC22:1106,YC22:1107,YC22:1108,YC22:1109,YC22:1110,YC22:1111,YC22:1112,YC22:1113,YC22:1114,YC22:1115,YC22:1116,YC22:1117,YC22:1118,YC22:1119,YC22:1120,YC22:1121,YC22:1122,YC22:1123,YC22:1124,YC22:1125,YC22:1126,YC22:1127,YC22:1128,YC22:1129,YC22:1130,YC22:1131,YC22:1132,YC22:1133,YC22:1134,YC22:1135,YC22:1136,YC22:1137,YC22:1138,YC22:1139,YC22:1140,YC22:1141,YC22:1142,YC22:1143,YC22:1144
2022,X9,4,YC22:1096,YC22:1095,YC22:1094,YC22:1093,YC22:1092,YC22:1091,YC22:1090,YC22:1089,YC22:1088,YC22:1087,YC22:1086,YC22:1085,YC22:1084,YC22:1083,YC22:1082,YC22:1081,YC22:1080,YC22:1079,YC22:1078,YC22:1077,YC22:1076,YC22:1075,YC22:1074,YC22:1073,YC22:1072,YC22:1071,YC22:1070,YC22:1069,YC22:1068,YC22:1067,YC22:1066,YC22:1065,YC22:1064,YC22:1063,YC22:1062,YC22:1061,YC22:1060,YC22:1059,YC22:1058,YC22:1057,YC22:1056,YC22:1055,YC22:1054,YC22:1053,YC22:1052,YC22:1051,YC22:1050,YC22:1049
2022,X9,3,YC22:1001,YC22:1002,YC22:1003,YC22:1004,YC22:1005,YC22:1006,YC22:1007,YC22:1008,YC22:1009,YC22:1010,YC22:1011,YC22:1012,YC22:1013,YC22:1014,YC22:1015,YC22:1016,YC22:1017,YC22:1018,YC22:1019,YC22:1020,YC22:1021,YC22:1022,YC22:1023,YC22:1024,YC22:1025,YC22:1026,YC22:1027,YC22:1028,YC22:1029,YC22:1030,YC22:1031,YC22:1032,YC22:1033,YC22:1034,YC22:1035,YC22:1036,YC22:1037,YC22:1038,YC22:1039,YC22:1040,YC22:1041,YC22:1042,YC22:1043,YC22:1044,YC22:1045,YC22:1046,YC22:1047,YC22:1048
2023,X5,31,PH207,PH207,PH207,PH207,PH207,PH207,PH207,PH207,PH207,PH207,PH207,PH207,PH207,PH207,PH207,PH207,YC23:2520,YC23:2519,YC23:2518,YC23:2517,YC23:2516,YC23:2515,YC23:2514,YC23:2513,YC23:2512,YC23:2511,YC23:2510,YC23:2509,YC23:2508,YC23:2507,YC23:2506,YC23:2505,YC23:2504,YC23:2503,YC23:2502,YC23:2501,YC23:2500,YC23:2499,YC23:2498,YC23:2497,YC23:2496,YC23:2495,YC23:2494,YC23:2493,YC23:2492,YC23:2491,YC23:2490,YC23:2489
2023,X5,30,YC23:2441,YC23:2442,YC23:2443,YC23:2444,YC23:2445,YC23:2446,YC23:2447,YC23:2448,YC23:2449,YC23:2450,YC23:2451,YC23:2452,YC23:2453,YC23:2454,YC23:2455,YC23:2456,YC23:2457,YC23:2458,YC23:2459,YC23:2460,YC23:2461,YC23:2462,YC23:2463,YC23:2464,YC23:2465,YC23:2466,YC23:2467,YC23:2468,YC23:2469,YC23:2470,YC23:2471,YC23:2472,YC23:2473,YC23:2474,YC23:2475,YC23:2476,YC23:2477,YC23:2478,YC23:2479,YC23:2480,YC23:2481,YC23:2482,YC23:2483,YC23:2484,YC23:2485,YC23:2486,YC23:2487,YC23:2488
2023,X5,29,YC23:2440,YC23:2439,YC23:2438,YC23:2437,YC23:2436,YC23:2435,YC23:2434,YC23:2433,YC23:2432,YC23:2431,YC23:2430,YC23:2429,YC23:2428,YC23:2427,YC23:2426,YC23:2425,YC23:2424,YC23:2423,YC23:2422,YC23:2421,YC23:2420,YC23:2419,YC23:2418,YC23:2417,YC23:2416,YC23:2415,YC23:2414,YC23:2413,YC23:2412,YC23:2411,YC23:2410,YC23:2409,YC23:2408,YC23:2407,YC23:2406,YC23:2405,YC23:2404,YC23:2403,YC23:2402,YC23:2401,YC23:2400,YC23:2399,YC23:2398,YC23:2397,YC23:2396,YC23:2395,YC23:2394,YC23:2393
2023,X5,28,YC23:2345,YC23:2346,YC23:2347,YC23:2348,YC23:2349,YC23:2350,YC23:2351,YC23:2352,YC23:2353,YC23:2354,YC23:2355,YC23:2356,YC23:2357,YC23:2358,YC23:2359,YC23:2360,YC23:2361,YC23:2362,YC23:2363,YC23:2364,YC23:2365,YC23:2366,YC23:2367,YC23:2368,YC23:2369,YC23:2370,YC23:2371,YC23:2372,YC23:2373,YC23:2374,YC23:2375,YC23:2376,YC23:2377,YC23:2378,YC23:2379,YC23:2380,YC23:2381,YC23:2382,YC23:2383,YC23:2384,YC23:2385,YC23:2386,YC23:2387,YC23:2388,YC23:2389,YC23:2390,YC23:2391,YC23:2392
2023,X5,27,YC23:2344,YC23:2343,YC23:2342,YC23:2341,YC23:2340,YC23:2339,YC23:2338,YC23:2337,YC23:2336,YC23:2335,YC23:2334,YC23:2333,YC23:2332,YC23:2331,YC23:2330,YC23:2329,YC23:2328,YC23:2327,YC23:2326,YC23:2325,YC23:2324,YC23:2323,YC23:2322,YC23:2321,YC23:2320,YC23:2319,YC23:2318,YC23:2317,YC23:2316,YC23:2315,YC23:2314,YC23:2313,YC23:2312,YC23:2311,YC23:2310,YC23:2309,YC23:2308,YC23:2307,YC23:2306,YC23:2305,YC23:2304,YC23:2303,YC23:2302,YC23:2301,YC23:2300,YC23:2299,YC23:2298,YC23:2297
2023,X5,26,YC23:2249,YC23:2250,YC23:2251,YC23:2252,YC23:2253,YC23:2254,YC23:2255,YC23:2256,YC23:2257,YC23:2258,YC23:2259,YC23:2260,YC23:2261,YC23:2262,YC23:2263,YC23:2264,YC23:2265,YC23:2266,YC23:2267,YC23:2268,YC23:2269,YC23:2270,YC23:2271,YC23:2272,YC23:2273,YC23:2274,YC23:2275,YC23:2276,YC23:2277,YC23:2278,YC23:2279,YC23:2280,YC23:2281,YC23:2282,YC23:2283,YC23:2284,YC23:2285,YC23:2286,YC23:2287,YC23:2288,YC23:2289,YC23:2290,YC23:2291,YC23:2292,YC23:2293,YC23:2294,YC23:2295,YC23:2296
2023,X5,25,YC23:2248,YC23:2247,YC23:2246,YC23:2245,YC23:2244,YC23:2243,YC23:2242,YC23:2241,YC23:2240,YC23:2239,YC23:2238,YC23:2237,YC23:2236,YC23:2235,YC23:2234,YC23:2233,YC23:2232,YC23:2231,YC23:2230,YC23:2229,YC23:2228,YC23:2227,YC23:2226,YC23:2225,YC23:2224,YC23:2223,YC23:2222,YC23:2221,YC23:2220,YC23:2219,YC23:2218,YC23:2217,YC23:2216,YC23:2215,YC23:2214,YC23:2213,YC23:2212,YC23:2211,YC23:2210,YC23:2209,YC23:2208,YC23:2207,YC23:2206,YC23:2205,YC23:2204,YC23:2203,YC23:2202,YC23:2201
2023,X5,24,YC23:2153,YC23:2154,YC23:2155,YC23:2156,YC23:2157,YC23:2158,YC23:2159,YC23:2160,YC23:2161,YC23:2162,YC23:2163,YC23:2164,YC23:2165,YC23:2166,YC23:2167,YC23:2168,YC23:2169,YC23:2170,YC23:2171,YC23:2172,YC23:2173,YC23:2174,YC23:2175,YC23:2176,YC23:2177,YC23:2178,YC23:2179,YC23:2180,YC23:2181,YC23:2182,YC23:2183,YC23:2184,YC23:2185,YC23:2186,YC23:2187,YC23:2188,YC23:2189,YC23:2190,YC23:2191,YC23:2192,YC23:2193,YC23:2194,YC23:2195,YC23:2196,YC23:2197,YC23:2198,YC23:2199,YC23:2200
2023,X5,23,YC23:2152,YC23:2151,YC23:2150,YC23:2149,YC23:2148,YC23:2147,YC23:2146,YC23:2145,YC23:2144,YC23:2143,YC23:2142,YC23:2141,YC23:2140,YC23:2139,YC23:2138,YC23:2137,YC23:2136,YC23:2135,YC23:2134,YC23:2133,YC23:2132,YC23:2131,YC23:2130,YC23:2129,YC23:2128,YC23:2127,YC23:2126,YC23:2125,YC23:2124,YC23:2123,YC23:2122,YC23:2121,YC23:2120,YC23:2119,YC23:2118,YC23:2117,YC23:2116,YC23:2115,YC23:2114,YC23:2113,YC23:2112,YC23:2111,YC23:2110,YC23:2109,YC23:2108,YC23:2107,YC23:2106,YC23:2105
2023,X5,22,YC23:2057,YC23:2058,YC23:2059,YC23:2060,YC23:2061,YC23:2062,YC23:2063,YC23:2064,YC23:2065,YC23:2066,YC23:2067,YC23:2068,YC23:2069,YC23:2070,YC23:2071,YC23:2072,YC23:2073,YC23:2074,YC23:2075,YC23:2076,YC23:2077,YC23:2078,YC23:2079,YC23:2080,YC23:2081,YC23:2082,YC23:2083,YC23:2084,YC23:2085,YC23:2086,YC23:2087,YC23:2088,YC23:2089,YC23:2090,YC23:2091,YC23:2092,YC23:2093,YC23:2094,YC23:2095,YC23:2096,YC23:2097,YC23:2098,YC23:2099,YC23:2100,YC23:2101,YC23:2102,YC23:2103,YC23:2104
2023,X5,21,YC23:2056,YC23:2055,YC23:2054,YC23:2053,YC23:2052,YC23:2051,YC23:2050,YC23:2049,YC23:2048,YC23:2047,YC23:2046,YC23:2045,YC23:2044,YC23:2043,YC23:2042,YC23:2041,YC23:2040,YC23:2039,YC23:2038,YC23:2037,YC23:2036,YC23:2035,YC23:2034,YC23:2033,YC23:2032,YC23:2031,YC23:2030,YC23:2029,YC23:2028,YC23:2027,YC23:2026,YC23:2025,YC23:2024,YC23:2023,YC23:2022,YC23:2021,YC23:2020,YC23:2019,YC23:2018,YC23:2017,YC23:2016,YC23:2015,YC23:2014,YC23:2013,YC23:2012,YC23:2011,YC23:2010,YC23:2009
2023,X5,20,YC23:1481,YC23:1482,YC23:1483,YC23:1484,YC23:1485,YC23:1486,YC23:1487,YC23:1488,YC23:1489,YC23:1490,YC23:1491,YC23:1492,YC23:1493,YC23:1494,YC23:1495,YC23:1496,YC23:1497,YC23:1498,YC23:1499,YC23:1500,YC23:1501,YC23:1502,YC23:1503,YC23:1504,YC23:1505,YC23:1506,YC23:1507,YC23:1508,YC23:1509,YC23:1510,YC23:1511,YC23:1512,YC23:1513,YC23:1514,YC23:1515,YC23:1516,YC23:1517,YC23:1518,YC23:1519,YC23:1520,YC23:2001,YC23:2002,YC23:2003,YC23:2004,YC23:2005,YC23:2006,YC23:2007,YC23:2008
2023,X5,19,YC23:1480,YC23:1479,YC23:1478,YC23:1477,YC23:1476,YC23:1475,YC23:1474,YC23:1473,YC23:1472,YC23:1471,YC23:1470,YC23:1469,YC23:1468,YC23:1467,YC23:1466,YC23:1465,YC23:1464,YC23:1463,YC23:1462,YC23:1461,YC23:1460,YC23:1459,YC23:1458,YC23:1457,YC23:1456,YC23:1455,YC23:1454,YC23:1453,YC23:1452,YC23:1451,YC23:1450,YC23:1449,YC23:1448,YC23:1447,YC23:1446,YC23:1445,YC23:1444,YC23:1443,YC23:1442,YC23:1441,YC23:1440,YC23:1439,YC23:1438,YC23:1437,YC23:1436,YC23:1435,YC23:1434,YC23:1433
2023,X5,18,YC23:1385,YC23:1386,YC23:1387,YC23:1388,YC23:1389,YC23:1390,YC23:1391,YC23:1392,YC23:1393,YC23:1394,YC23:1395,YC23:1396,YC23:1397,YC23:1398,YC23:1399,YC23:1400,YC23:1401,YC23:1402,YC23:1403,YC23:1404,YC23:1405,YC23:1406,YC23:1407,YC23:1408,YC23:1409,YC23:1410,YC23:1411,YC23:1412,YC23:1413,YC23:1414,YC23:1415,YC23:1416,YC23:1417,YC23:1418,YC23:1419,YC23:1420,YC23:1421,YC23:1422,YC23:1423,YC23:1424,YC23:1425,YC23:1426,YC23:1427,YC23:1428,YC23:1429,YC23:1430,YC23:1431,YC23:1432
2023,X5,17,YC23:1384,YC23:1383,YC23:1382,YC23:1381,YC23:1380,YC23:1379,YC23:1378,YC23:1377,YC23:1376,YC23:1375,YC23:1374,YC23:1373,YC23:1372,YC23:1371,YC23:1370,YC23:1369,YC23:1368,YC23:1367,YC23:1366,YC23:1365,YC23:1364,YC23:1363,YC23:1362,YC23:1361,YC23:1360,YC23:1359,YC23:1358,YC23:1357,YC23:1356,YC23:1355,YC23:1354,YC23:1353,YC23:1352,YC23:1351,YC23:1350,YC23:1349,YC23:1348,YC23:1347,YC23:1346,YC23:1345,YC23:1344,YC23:1343,YC23:1342,YC23:1341,YC23:1340,YC23:1339,YC23:1338,YC23:1337
2023,X5,16,YC23:1289,YC23:1290,YC23:1291,YC23:1292,YC23:1293,YC23:1294,YC23:1295,YC23:1296,YC23:1297,YC23:1298,YC23:1299,YC23:1300,YC23:1301,YC23:1302,YC23:1303,YC23:1304,YC23:1305,YC23:1306,YC23:1307,YC23:1308,YC23:1309,YC23:1310,YC23:1311,YC23:1312,YC23:1313,YC23:1314,YC23:1315,YC23:1316,YC23:1317,YC23:1318,YC23:1319,YC23:1320,YC23:1321,YC23:1322,YC23:1323,YC23:1324,YC23:1325,YC23:1326,YC23:1327,YC23:1328,YC23:1329,YC23:1330,YC23:1331,YC23:1332,YC23:1333,YC23:1334,YC23:1335,YC23:1336
2023,X5,15,YC23:1288,YC23:1287,YC23:1286,YC23:1285,YC23:1284,YC23:1283,YC23:1282,YC23:1281,YC23:1280,YC23:1279,YC23:1278,YC23:1277,YC23:1276,YC23:1275,YC23:1274,YC23:1273,YC23:1272,YC23:1271,YC23:1270,YC23:1269,YC23:1268,YC23:1267,YC23:1266,YC23:1265,YC23:1264,YC23:1263,YC23:1262,YC23:1261,YC23:1260,YC23:1259,YC23:1258,YC23:1257,YC23:1256,YC23:1255,YC23:1254,YC23:1253,YC23:1252,YC23:1251,YC23:1250,YC23:1249,YC23:1248,YC23:1247,YC23:1246,YC23:1245,YC23:1244,YC23:1243,YC23:1242,YC23:1241
2023,X5,14,YC23:1193,YC23:1194,YC23:1195,YC23:1196,YC23:1197,YC23:1198,YC23:1199,YC23:1200,YC23:1201,YC23:1202,YC23:1203,YC23:1204,YC23:1205,YC23:1206,YC23:1207,YC23:1208,YC23:1209,YC23:1210,YC23:1211,YC23:1212,YC23:1213,YC23:1214,YC23:1215,YC23:1216,YC23:1217,YC23:1218,YC23:1219,YC23:1220,YC23:1221,YC23:1222,YC23:1223,YC23:1224,YC23:1225,YC23:1226,YC23:1227,YC23:1228,YC23:1229,YC23:1230,YC23:1231,YC23:1232,YC23:1233,YC23:1234,YC23:1235,YC23:1236,YC23:1237,YC23:1238,YC23:1239,YC23:1240
2023,X5,13,YC23:1192,YC23:1191,YC23:1190,YC23:1189,YC23:1188,YC23:1187,YC23:1186,YC23:1185,YC23:1184,YC23:1183,YC23:1182,YC23:1181,YC23:1180,YC23:1179,YC23:1178,YC23:1177,YC23:1176,YC23:1175,YC23:1174,YC23:1173,YC23:1172,YC23:1171,YC23:1170,YC23:1169,YC23:1168,YC23:1167,YC23:1166,YC23:1165,YC23:1164,YC23:1163,YC23:1162,YC23:1161,YC23:1160,YC23:1159,YC23:1158,YC23:1157,YC23:1156,YC23:1155,YC23:1154,YC23:1153,YC23:1152,YC23:1151,YC23:1150,YC23:1149,YC23:1148,YC23:1147,YC23:1146,YC23:1145
2023,X5,12,YC23:1097,YC23:1098,YC23:1099,YC23:1100,YC23:1101,YC23:1102,YC23:1103,YC23:1104,YC23:1105,YC23:1106,YC23:1107,YC23:1108,YC23:1109,YC23:1110,YC23:1111,YC23:1112,YC23:1113,YC23:1114,YC23:1115,YC23:1116,YC23:1117,YC23:1118,YC23:1119,YC23:1120,YC23:1121,YC23:1122,YC23:1123,YC23:1124,YC23:1125,YC23:1126,YC23:1127,YC23:1128,YC23:1129,YC23:1130,YC23:1131,YC23:1132,YC23:1133,YC23:1134,YC23:1135,YC23:1136,YC23:1137,YC23:1138,YC23:1139,YC23:1140,YC23:1141,YC23:1142,YC23:1143,YC23:1144
2023,X5,11,YC23:1096,YC23:1095,YC23:1094,YC23:1093,YC23:1092,YC23:1091,YC23:1090,YC23:1089,YC23:1088,YC23:1087,YC23:1086,YC23:1085,YC23:1084,YC23:1083,YC23:1082,YC23:1081,YC23:1080,YC23:1079,YC23:1078,YC23:1077,YC23:1076,YC23:1075,YC23:1074,YC23:1073,YC23:1072,YC23:1071,YC23:1070,YC23:1069,YC23:1068,YC23:1067,YC23:1066,YC23:1065,YC23:1064,YC23:1063,YC23:1062,YC23:1061,YC23:1060,YC23:1059,YC23:1058,YC23:1057,YC23:1056,YC23:1055,YC23:1054,YC23:1053,YC23:1052,YC23:1051,YC23:1050,YC23:1049
2023,X5,10,YC23:1001,YC23:1002,YC23:1003,YC23:1004,YC23:1005,YC23:1006,YC23:1007,YC23:1008,YC23:1009,YC23:1010,YC23:1011,YC23:1012,YC23:1013,YC23:1014,YC23:1015,YC23:1016,YC23:1017,YC23:1018,YC23:1019,YC23:1020,YC23:1021,YC23:1022,YC23:1023,YC23:1024,YC23:1025,YC23:1026,YC23:1027,YC23:1028,YC23:1029,YC23:1030,YC23:1031,YC23:1032,YC23:1033,YC23:1034,YC23:1035,YC23:1036,YC23:1037,YC23:1038,YC23:1039,YC23:1040,YC23:1041,YC23:1042,YC23:1043,YC23:1044,YC23:1045,YC23:1046,YC23:1047,YC23:1048
2023,X6,46,YCH23:2782,YCH23:2783,YCH23:2784,YCH23:2785,YCH23:2786,YCH23:2787,YCH23:2788,YCH23:2789,YCH23:2790,YCH23:2791,YCH23:2792,YCH23:2793,YCH23:2794,YCH23:2795,YCH23:2796,YCH23:2797,YCH23:2798,YCH23:2799,YCH23:2800,YCH23:2801,YCH23:2802,YCH23:2803,YCH23:2804,YCH23:2805,YCH23:2806,YCH23:2807,YCH23:2808,YCH23:2809,YCH23:2810,YCH23:2811,YCH23:2812,YCH23:2813,YCH23:2814,YCH23:2815,YCH23:2816,YCH23:2817,YCH23:2818,YCH23:2819,YCH23:2820,YCH23:2821,YCH23:2822,YCH23:2823,YCH23:2824,YCH23:2825,YCH23:2826,YCH23:2827,YCH23:2828,YCH23:2829
2023,X6,45,YCH23:2781,YCH23:2780,YCH23:2779,YCH23:2778,YCH23:2777,YCH23:2776,YCH23:2775,YCH23:2774,YCH23:2773,YCH23:2772,YCH23:2771,YCH23:2770,YCH23:2769,YCH23:2768,YCH23:2767,YCH23:2766,YCH23:2765,YCH23:2764,YCH23:2763,YCH23:2762,YCH23:2761,YCH23:2760,YCH23:2759,YCH23:2758,YCH23:2757,YCH23:2756,YCH23:2755,YCH23:2754,YCH23:2753,YCH23:2752,YCH23:2751,YCH23:2750,YCH23:2749,YCH23:2748,YCH23:2747,YCH23:2746,YCH23:2745,YCH23:2744,YCH23:2743,YCH23:2742,YCH23:2741,YCH23:2740,YCH23:2739,YCH23:2738,YCH23:2737,YCH23:2736,YCH23:2735,YCH23:2734
2023,X6,44,YCH23:2686,YCH23:2687,YCH23:2688,YCH23:2689,YCH23:2690,YCH23:2691,YCH23:2692,YCH23:2693,YCH23:2694,YCH23:2695,YCH23:2696,YCH23:2697,YCH23:2698,YCH23:2699,YCH23:2700,YCH23:2701,YCH23:2702,YCH23:2703,YCH23:2704,YCH23:2705,YCH23:2706,YCH23:2707,YCH23:2708,YCH23:2709,YCH23:2710,YCH23:2711,YCH23:2712,YCH23:2713,YCH23:2714,YCH23:2715,YCH23:2716,YCH23:2717,YCH23:2718,YCH23:2719,YCH23:2720,YCH23:2721,YCH23:2722,YCH23:2723,YCH23:2724,YCH23:2725,YCH23:2726,YCH23:2727,YCH23:2728,YCH23:2729,YCH23:2730,YCH23:2731,YCH23:2732,YCH23:2733
2023,X6,43,YCH23:2685,YCH23:2684,YCH23:2683,YCH23:2682,YCH23:2681,YCH23:2680,YCH23:2679,YCH23:2678,YCH23:2677,YCH23:2676,YCH23:2675,YCH23:2674,YCH23:2673,YCH23:2672,YCH23:2671,YCH23:2670,YCH23:2669,YCH23:2668,YCH23:2667,YCH23:2666,YCH23:2665,YCH23:2664,YCH23:2663,YCH23:2662,YCH23:2661,YCH23:2660,YCH23:2659,YCH23:2658,YCH23:2657,YCH23:2656,YCH23:2655,YCH23:2654,YCH23:2653,YCH23:2652,YCH23:2651,YCH23:2650,YCH23:2649,YCH23:2648,YCH23:2647,YCH23:2646,YCH23:2645,YCH23:2644,YCH23:2643,YCH23:2642,YCH23:2641,YCH23:2640,YCH23:2639,YCH23:2638
2023,X6,42,YCH23:2590,YCH23:2591,YCH23:2592,YCH23:2593,YCH23:2594,YCH23:2595,YCH23:2596,YCH23:2597,YCH23:2598,YCH23:2599,YCH23:2600,YCH23:2601,YCH23:2602,YCH23:2603,YCH23:2604,YCH23:2605,YCH23:2606,YCH23:2607,YCH23:2608,YCH23:2609,YCH23:2610,YCH23:2611,YCH23:2612,YCH23:2613,YCH23:2614,YCH23:2615,YCH23:2616,YCH23:2617,YCH23:2618,YCH23:2619,YCH23:2620,YCH23:2621,YCH23:2622,YCH23:2623,YCH23:2624,YCH23:2625,YCH23:2626,YCH23:2627,YCH23:2628,YCH23:2629,YCH23:2630,YCH23:2631,YCH23:2632,YCH23:2633,YCH23:2634,YCH23:2635,YCH23:2636,YCH23:2637
2023,X6,41,YCH23:2589,YCH23:2588,YCH23:2587,YCH23:2586,YCH23:2585,YCH23:2584,YCH23:2583,YCH23:2582,YCH23:2581,YCH23:2580,YCH23:2579,YCH23:2578,YCH23:2577,YCH23:2576,YCH23:2575,YCH23:2574,YCH23:2573,YCH23:2572,YCH23:2571,YCH23:2570,YCH23:2569,YCH23:2568,YCH23:2567,YCH23:2566,YCH23:2565,YCH23:2564,YCH23:2563,YCH23:2562,YCH23:2561,YCH23:2560,YCH23:2559,YCH23:2558,YCH23:2557,YCH23:2556,YCH23:2555,YCH23:2554,YCH23:2553,YCH23:2552,YCH23:2551,YCH23:2550,YCH23:2549,YCH23:2548,YCH23:2547,YCH23:2546,YCH23:2545,YCH23:2544,YCH23:2543,YCH23:2542
2023,X6,40,YCH23:2494,YCH23:2495,YCH23:2496,YCH23:2497,YCH23:2498,YCH23:2499,YCH23:2500,YCH23:2501,YCH23:2502,YCH23:2503,YCH23:2504,YCH23:2505,YCH23:2506,YCH23:2507,YCH23:2508,YCH23:2509,YCH23:2510,YCH23:2511,YCH23:2512,YCH23:2513,YCH23:2514,YCH23:2515,YCH23:2516,YCH23:2517,YCH23:2518,YCH23:2519,YCH23:2520,YCH23:2521,YCH23:2522,YCH23:2523,YCH23:2524,YCH23:2525,YCH23:2526,YCH23:2527,YCH23:2528,YCH23:2529,YCH23:2530,YCH23:2531,YCH23:2532,YCH23:2533,YCH23:2534,YCH23:2535,YCH23:2536,YCH23:2537,YCH23:2538,YCH23:2539,YCH23:2540,YCH23:2541
2023,X6,39,YCH23:2493,YCH23:2492,YCH23:2491,YCH23:2490,YCH23:2489,YCH23:2488,YCH23:2487,YCH23:2486,YCH23:2485,YCH23:2484,YCH23:2483,YCH23:2482,YCH23:2481,YCH23:2480,YCH23:2479,YCH23:2478,YCH23:2477,YCH23:2476,YCH23:2475,YCH23:2474,YCH23:2473,YCH23:2472,YCH23:2471,YCH23:2470,YCH23:2469,YCH23:2468,YCH23:2467,YCH23:2466,YCH23:2465,YCH23:2464,YCH23:2463,YCH23:2462,YCH23:2461,YCH23:2460,YCH23:2459,YCH23:2458,YCH23:2457,YCH23:2456,YCH23:2455,YCH23:2454,YCH23:2453,YCH23:2452,YCH23:2451,YCH23:2450,YCH23:2449,YCH23:2448,YCH23:2447,YCH23:2446
2023,X6,38,YCH23:2398,YCH23:2399,YCH23:2400,YCH23:2401,YCH23:2402,YCH23:2403,YCH23:2404,YCH23:2405,YCH23:2406,YCH23:2407,YCH23:2408,YCH23:2409,YCH23:2410,YCH23:2411,YCH23:2412,YCH23:2413,YCH23:2414,YCH23:2415,YCH23:2416,YCH23:2417,YCH23:2418,YCH23:2419,YCH23:2420,YCH23:2421,YCH23:2422,YCH23:2423,YCH23:2424,YCH23:2425,YCH23:2426,YCH23:2427,YCH23:2428,YCH23:2429,YCH23:2430,YCH23:2431,YCH23:2432,YCH23:2433,YCH23:2434,YCH23:2435,YCH23:2436,YCH23:2437,YCH23:2438,YCH23:2439,YCH23:2440,YCH23:2441,YCH23:2442,YCH23:2443,YCH23:2444,YCH23:2445
2023,X6,37,YCH23:2397,YCH23:2396,YCH23:2395,YCH23:2394,YCH23:2393,YCH23:2392,YCH23:2391,YCH23:2390,YCH23:2389,YCH23:2388,YCH23:2387,YCH23:2386,YCH23:2385,YCH23:2384,YCH23:2383,YCH23:2382,YCH23:2381,YCH23:2380,YCH23:2379,YCH23:2378,YCH23:2377,YCH23:2376,YCH23:2375,YCH23:2374,YCH23:2373,YCH23:2372,YCH23:2371,YCH23:2370,YCH23:2369,YCH23:2368,YCH23:2367,YCH23:2366,YCH23:2365,YCH23:2364,YCH23:2363,YCH23:2362,YCH23:2361,YCH23:2360,YCH23:2359,YCH23:2358,YCH23:2357,YCH23:2356,YCH23:2355,YCH23:2354,YCH23:2353,YCH23:2352,YCH23:2351,YCH23:2350
2023,X6,36,YCH23:2302,YCH23:2303,YCH23:2304,YCH23:2305,YCH23:2306,YCH23:2307,YCH23:2308,YCH23:2309,YCH23:2310,YCH23:2311,YCH23:2312,YCH23:2313,YCH23:2314,YCH23:2315,YCH23:2316,YCH23:2317,YCH23:2318,YCH23:2319,YCH23:2320,YCH23:2321,YCH23:2322,YCH23:2323,YCH23:2324,YCH23:2325,YCH23:2326,YCH23:2327,YCH23:2328,YCH23:2329,YCH23:2330,YCH23:2331,YCH23:2332,YCH23:2333,YCH23:2334,YCH23:2335,YCH23:2336,YCH23:2337,YCH23:2338,YCH23:2339,YCH23:2340,YCH23:2341,YCH23:2342,YCH23:2343,YCH23:2344,YCH23:2345,YCH23:2346,YCH23:2347,YCH23:2348,YCH23:2349
2023,X6,35,YCH23:2301,YCH23:2300,YCH23:2299,YCH23:2298,YCH23:2297,YCH23:2296,YCH23:2295,YCH23:2294,YCH23:2293,YCH23:2292,YCH23:2291,YCH23:2290,YCH23:2289,YCH23:2288,YCH23:2287,YCH23:2286,YCH23:2285,YCH23:2284,YCH23:2283,YCH23:2282,YCH23:2281,YCH23:2280,YCH23:2279,YCH23:2278,YCH23:2277,YCH23:2276,YCH23:2275,YCH23:2274,YCH23:2273,YCH23:2272,YCH23:2271,YCH23:2270,YCH23:2269,YCH23:2268,YCH23:2267,YCH23:2266,YCH23:2265,YCH23:2264,YCH23:2263,YCH23:2262,YCH23:2261,YCH23:2260,YCH23:2259,YCH23:2258,YCH23:2257,YCH23:2256,YCH23:2255,YCH23:2254
2023,X6,34,YCH23:2206,YCH23:2207,YCH23:2208,YCH23:2209,YCH23:2210,YCH23:2211,YCH23:2212,YCH23:2213,YCH23:2214,YCH23:2215,YCH23:2216,YCH23:2217,YCH23:2218,YCH23:2219,YCH23:2220,YCH23:2221,YCH23:2222,YCH23:2223,YCH23:2224,YCH23:2225,YCH23:2226,YCH23:2227,YCH23:2228,YCH23:2229,YCH23:2230,YCH23:2231,YCH23:2232,YCH23:2233,YCH23:2234,YCH23:2235,YCH23:2236,YCH23:2237,YCH23:2238,YCH23:2239,YCH23:2240,YCH23:2241,YCH23:2242,YCH23:2243,YCH23:2244,YCH23:2245,YCH23:2246,YCH23:2247,YCH23:2248,YCH23:2249,YCH23:2250,YCH23:2251,YCH23:2252,YCH23:2253
2023,X6,33,YCH23:2205,YCH23:2204,YCH23:2203,YCH23:2202,YCH23:2201,YCH23:2200,YCH23:2199,YCH23:2198,YCH23:2197,YCH23:2196,YCH23:2195,YCH23:2194,YCH23:2193,YCH23:2192,YCH23:2191,YCH23:2190,YCH23:2189,YCH23:2188,YCH23:2187,YCH23:2186,YCH23:2185,YCH23:2184,YCH23:2183,YCH23:2182,YCH23:2181,YCH23:2180,YCH23:2179,YCH23:2178,YCH23:2177,YCH23:2176,YCH23:2175,YCH23:2174,YCH23:2173,YCH23:2172,YCH23:2171,YCH23:2170,YCH23:2169,YCH23:2168,YCH23:2167,YCH23:2166,YCH23:2165,YCH23:2164,YCH23:2163,YCH23:2162,YCH23:2161,YCH23:2160,YCH23:2159,YCH23:2158
2023,X6,32,YCH23:2110,YCH23:2111,YCH23:2112,YCH23:2113,YCH23:2114,YCH23:2115,YCH23:2116,YCH23:2117,YCH23:2118,YCH23:2119,YCH23:2120,YCH23:2121,YCH23:2122,YCH23:2123,YCH23:2124,YCH23:2125,YCH23:2126,YCH23:2127,YCH23:2128,YCH23:2129,YCH23:2130,YCH23:2131,YCH23:2132,YCH23:2133,YCH23:2134,YCH23:2135,YCH23:2136,YCH23:2137,YCH23:2138,YCH23:2139,YCH23:2140,YCH23:2141,YCH23:2142,YCH23:2143,YCH23:2144,YCH23:2145,YCH23:2146,YCH23:2147,YCH23:2148,YCH23:2149,YCH23:2150,YCH23:2151,YCH23:2152,YCH23:2153,YCH23:2154,YCH23:2155,YCH23:2156,YCH23:2157
2023,X6,31,YCH23:2109,YCH23:2108,YCH23:2107,YCH23:2106,YCH23:2105,YCH23:2104,YCH23:2103,YCH23:2102,YCH23:2101,YCH23:2100,YCH23:2099,YCH23:2098,YCH23:2097,YCH23:2096,YCH23:2095,YCH23:2094,YCH23:2093,YCH23:2092,YCH23:2091,YCH23:2090,YCH23:2089,YCH23:2088,YCH23:2087,YCH23:2086,YCH23:2085,YCH23:2084,YCH23:2083,YCH23:2082,YCH23:2081,YCH23:2080,YCH23:2079,YCH23:2078,YCH23:2077,YCH23:2076,YCH23:2075,YCH23:2074,YCH23:2073,YCH23:2072,YCH23:2071,YCH23:2070,YCH23:2069,YCH23:2068,YCH23:2067,YCH23:2066,YCH23:2065,YCH23:2064,YCH23:2063,YCH23:2062
2023,X6,30,YCH23:2014,YCH23:2015,YCH23:2016,YCH23:2017,YCH23:2018,YCH23:2019,YCH23:2020,YCH23:2021,YCH23:2022,YCH23:2023,YCH23:2024,YCH23:2025,YCH23:2026,YCH23:2027,YCH23:2028,YCH23:2029,YCH23:2030,YCH23:2031,YCH23:2032,YCH23:2033,YCH23:2034,YCH23:2035,YCH23:2036,YCH23:2037,YCH23:2038,YCH23:2039,YCH23:2040,YCH23:2041,YCH23:2042,YCH23:2043,YCH23:2044,YCH23:2045,YCH23:2046,YCH23:2047,YCH23:2048,YCH23:2049,YCH23:2050,YCH23:2051,YCH23:2052,YCH23:2053,YCH23:2054,YCH23:2055,YCH23:2056,YCH23:2057,YCH23:2058,YCH23:2059,YCH23:2060,YCH23:2061
2023,X6,29,YCH23:2013,YCH23:2012,YCH23:2011,YCH23:2010,YCH23:2009,YCH23:2008,YCH23:2007,YCH23:2006,YCH23:2005,YCH23:2004,YCH23:2003,YCH23:2002,YCH23:2001,YCH23:1851,YCH23:1850,YCH23:1849,YCH23:1848,YCH23:1847,YCH23:1846,YCH23:1845,YCH23:1844,YCH23:1843,YCH23:1842,YCH23:1841,YCH23:1840,YCH23:1839,YCH23:1838,YCH23:1837,YCH23:1836,YCH23:1835,YCH23:1834,YCH23:1833,YCH23:1832,YCH23:1831,YCH23:1830,YCH23:1829,YCH23:1828,YCH23:1827,YCH23:1826,YCH23:1825,YCH23:1824,YCH23:1823,YCH23:1822,YCH23:1821,YCH23:1820,YCH23:1819,YCH23:1818,YCH23:1817
2023,X6,28,YCH23:1769,YCH23:1770,YCH23:1771,YCH23:1772,YCH23:1773,YCH23:1774,YCH23:1775,YCH23:1776,YCH23:1777,YCH23:1778,YCH23:1779,YCH23:1780,YCH23:1781,YCH23:1782,YCH23:1783,YCH23:1784,YCH23:1785,YCH23:1786,YCH23:1787,YCH23:1788,YCH23:1789,YCH23:1790,YCH23:1791,YCH23:1792,YCH23:1793,YCH23:1794,YCH23:1795,YCH23:1796,YCH23:1797,YCH23:1798,YCH23:1799,YCH23:1800,YCH23:1801,YCH23:1802,YCH23:1803,YCH23:1804,YCH23:1805,YCH23:1806,YCH23:1807,YCH23:1808,YCH23:1809,YCH23:1810,YCH23:1811,YCH23:1812,YCH23:1813,YCH23:1814,YCH23:1815,YCH23:1816
2023,X6,27,YCH23:1768,YCH23:1767,YCH23:1766,YCH23:1765,YCH23:1764,YCH23:1763,YCH23:1762,YCH23:1761,YCH23:1760,YCH23:1759,YCH23:1758,YCH23:1757,YCH23:1756,YCH23:1755,YCH23:1754,YCH23:1753,YCH23:1752,YCH23:1751,YCH23:1750,YCH23:1749,YCH23:1748,YCH23:1747,YCH23:1746,YCH23:1745,YCH23:1744,YCH23:1743,YCH23:1742,YCH23:1741,YCH23:1740,YCH23:1739,YCH23:1738,YCH23:1737,YCH23:1736,YCH23:1735,YCH23:1734,YCH23:1733,YCH23:1732,YCH23:1731,YCH23:1730,YCH23:1729,YCH23:1728,YCH23:1727,YCH23:1726,YCH23:1725,YCH23:1724,YCH23:1723,YCH23:1722,YCH23:1721
2023,X6,26,YCH23:1673,YCH23:1674,YCH23:1675,YCH23:1676,YCH23:1677,YCH23:1678,YCH23:1679,YCH23:1680,YCH23:1681,YCH23:1682,YCH23:1683,YCH23:1684,YCH23:1685,YCH23:1686,YCH23:1687,YCH23:1688,YCH23:1689,YCH23:1690,YCH23:1691,YCH23:1692,YCH23:1693,YCH23:1694,YCH23:1695,YCH23:1696,YCH23:1697,YCH23:1698,YCH23:1699,YCH23:1700,YCH23:1701,YCH23:1702,YCH23:1703,YCH23:1704,YCH23:1705,YCH23:1706,YCH23:1707,YCH23:1708,YCH23:1709,YCH23:1710,YCH23:1711,YCH23:1712,YCH23:1713,YCH23:1714,YCH23:1715,YCH23:1716,YCH23:1717,YCH23:1718,YCH23:1719,YCH23:1720
2023,X6,25,YCH23:1672,YCH23:1671,YCH23:1670,YCH23:1669,YCH23:1668,YCH23:1667,YCH23:1666,YCH23:1665,YCH23:1664,YCH23:1663,YCH23:1662,YCH23:1661,YCH23:1660,YCH23:1659,YCH23:1658,YCH23:1657,YCH23:1656,YCH23:1655,YCH23:1654,YCH23:1653,YCH23:1652,YCH23:1651,YCH23:1650,YCH23:1649,YCH23:1648,YCH23:1647,YCH23:1646,YCH23:1645,YCH23:1644,YCH23:1643,YCH23:1642,YCH23:1641,YCH23:1640,YCH23:1639,YCH23:1638,YCH23:1637,YCH23:1636,YCH23:1635,YCH23:1634,YCH23:1633,YCH23:1632,YCH23:1631,YCH23:1630,YCH23:1629,YCH23:1628,YCH23:1627,YCH23:1626,YCH23:1625
2023,X6,24,YCH23:1577,YCH23:1578,YCH23:1579,YCH23:1580,YCH23:1581,YCH23:1582,YCH23:1583,YCH23:1584,YCH23:1585,YCH23:1586,YCH23:1587,YCH23:1588,YCH23:1589,YCH23:1590,YCH23:1591,YCH23:1592,YCH23:1593,YCH23:1594,YCH23:1595,YCH23:1596,YCH23:1597,YCH23:1598,YCH23:1599,YCH23:1600,YCH23:1601,YCH23:1602,YCH23:1603,YCH23:1604,YCH23:1605,YCH23:1606,YCH23:1607,YCH23:1608,YCH23:1609,YCH23:1610,YCH23:1611,YCH23:1612,YCH23:1613,YCH23:1614,YCH23:1615,YCH23:1616,YCH23:1617,YCH23:1618,YCH23:1619,YCH23:1620,YCH23:1621,YCH23:1622,YCH23:1623,YCH23:1624
2023,X6,23,YCH23:1576,YCH23:1575,YCH23:1574,YCH23:1573,YCH23:1572,YCH23:1571,YCH23:1570,YCH23:1569,YCH23:1568,YCH23:1567,YCH23:1566,YCH23:1565,YCH23:1564,YCH23:1563,YCH23:1562,YCH23:1561,YCH23:1560,YCH23:1559,YCH23:1558,YCH23:1557,YCH23:1556,YCH23:1555,YCH23:1554,YCH23:1553,YCH23:1552,YCH23:1551,YCH23:1550,YCH23:1549,YCH23:1548,YCH23:1547,YCH23:1546,YCH23:1545,YCH23:1544,YCH23:1543,YCH23:1542,YCH23:1541,YCH23:1540,YCH23:1539,YCH23:1538,YCH23:1537,YCH23:1536,YCH23:1535,YCH23:1534,YCH23:1533,YCH23:1532,YCH23:1531,YCH23:1530,YCH23:1529
2023,X6,22,YCH23:1481,YCH23:1482,YCH23:1483,YCH23:1484,YCH23:1485,YCH23:1486,YCH23:1487,YCH23:1488,YCH23:1489,YCH23:1490,YCH23:1491,YCH23:1492,YCH23:1493,YCH23:1494,YCH23:1495,YCH23:1496,YCH23:1497,YCH23:1498,YCH23:1499,YCH23:1500,YCH23:1501,YCH23:1502,YCH23:1503,YCH23:1504,YCH23:1505,YCH23:1506,YCH23:1507,YCH23:1508,YCH23:1509,YCH23:1510,YCH23:1511,YCH23:1512,YCH23:1513,YCH23:1514,YCH23:1515,YCH23:1516,YCH23:1517,YCH23:1518,YCH23:1519,YCH23:1520,YCH23:1521,YCH23:1522,YCH23:1523,YCH23:1524,YCH23:1525,YCH23:1526,YCH23:1527,YCH23:1528
2023,X6,21,YCH23:1480,YCH23:1479,YCH23:1478,YCH23:1477,YCH23:1476,YCH23:1475,YCH23:1474,YCH23:1473,YCH23:1472,YCH23:1471,YCH23:1470,YCH23:1469,YCH23:1468,YCH23:1467,YCH23:1466,YCH23:1465,YCH23:1464,YCH23:1463,YCH23:1462,YCH23:1461,YCH23:1460,YCH23:1459,YCH23:1458,YCH23:1457,YCH23:1456,YCH23:1455,YCH23:1454,YCH23:1453,YCH23:1452,YCH23:1451,YCH23:1450,YCH23:1449,YCH23:1448,YCH23:1447,YCH23:1446,YCH23:1445,YCH23:1444,YCH23:1443,YCH23:1442,YCH23:1441,YCH23:1440,YCH23:1439,YCH23:1438,YCH23:1437,YCH23:1436,YCH23:1435,YCH23:1434,YCH23:1433
2023,X6,20,YCH23:1385,YCH23:1386,YCH23:1387,YCH23:1388,YCH23:1389,YCH23:1390,YCH23:1391,YCH23:1392,YCH23:1393,YCH23:1394,YCH23:1395,YCH23:1396,YCH23:1397,YCH23:1398,YCH23:1399,YCH23:1400,YCH23:1401,YCH23:1402,YCH23:1403,YCH23:1404,YCH23:1405,YCH23:1406,YCH23:1407,YCH23:1408,YCH23:1409,YCH23:1410,YCH23:1411,YCH23:1412,YCH23:1413,YCH23:1414,YCH23:1415,YCH23:1416,YCH23:1417,YCH23:1418,YCH23:1419,YCH23:1420,YCH23:1421,YCH23:1422,YCH23:1423,YCH23:1424,YCH23:1425,YCH23:1426,YCH23:1427,YCH23:1428,YCH23:1429,YCH23:1430,YCH23:1431,YCH23:1432
2023,X6,19,YCH23:1384,YCH23:1383,YCH23:1382,YCH23:1381,YCH23:1380,YCH23:1379,YCH23:1378,YCH23:1377,YCH23:1376,YCH23:1375,YCH23:1374,YCH23:1373,YCH23:1372,YCH23:1371,YCH23:1370,YCH23:1369,YCH23:1368,YCH23:1367,YCH23:1366,YCH23:1365,YCH23:1364,YCH23:1363,YCH23:1362,YCH23:1361,YCH23:1360,YCH23:1359,YCH23:1358,YCH23:1357,YCH23:1356,YCH23:1355,YCH23:1354,YCH23:1353,YCH23:1352,YCH23:1351,YCH23:1350,YCH23:1349,YCH23:1348,YCH23:1347,YCH23:1346,YCH23:1345,YCH23:1344,YCH23:1343,YCH23:1342,YCH23:1341,YCH23:1340,YCH23:1339,YCH23:1338,YCH23:1337
2023,X6,18,YCH23:1289,YCH23:1290,YCH23:1291,YCH23:1292,YCH23:1293,YCH23:1294,YCH23:1295,YCH23:1296,YCH23:1297,YCH23:1298,YCH23:1299,YCH23:1300,YCH23:1301,YCH23:1302,YCH23:1303,YCH23:1304,YCH23:1305,YCH23:1306,YCH23:1307,YCH23:1308,YCH23:1309,YCH23:1310,YCH23:1311,YCH23:1312,YCH23:1313,YCH23:1314,YCH23:1315,YCH23:1316,YCH23:1317,YCH23:1318,YCH23:1319,YCH23:1320,YCH23:1321,YCH23:1322,YCH23:1323,YCH23:1324,YCH23:1325,YCH23:1326,YCH23:1327,YCH23:1328,YCH23:1329,YCH23:1330,YCH23:1331,YCH23:1332,YCH23:1333,YCH23:1334,YCH23:1335,YCH23:1336
2023,X6,17,YCH23:1288,YCH23:1287,YCH23:1286,YCH23:1285,YCH23:1284,YCH23:1283,YCH23:1282,YCH23:1281,YCH23:1280,YCH23:1279,YCH23:1278,YCH23:1277,YCH23:1276,YCH23:1275,YCH23:1274,YCH23:1273,YCH23:1272,YCH23:1271,YCH23:1270,YCH23:1269,YCH23:1268,YCH23:1267,YCH23:1266,YCH23:1265,YCH23:1264,YCH23:1263,YCH23:1262,YCH23:1261,YCH23:1260,YCH23:1259,YCH23:1258,YCH23:1257,YCH23:1256,YCH23:1255,YCH23:1254,YCH23:1253,YCH23:1252,YCH23:1251,YCH23:1250,YCH23:1249,YCH23:1248,YCH23:1247,YCH23:1246,YCH23:1245,YCH23:1244,YCH23:1243,YCH23:1242,YCH23:1241
2023,X6,16,YCH23:1193,YCH23:1194,YCH23:1195,YCH23:1196,YCH23:1197,YCH23:1198,YCH23:1199,YCH23:1200,YCH23:1201,YCH23:1202,YCH23:1203,YCH23:1204,YCH23:1205,YCH23:1206,YCH23:1207,YCH23:1208,YCH23:1209,YCH23:1210,YCH23:1211,YCH23:1212,YCH23:1213,YCH23:1214,YCH23:1215,YCH23:1216,YCH23:1217,YCH23:1218,YCH23:1219,YCH23:1220,YCH23:1221,YCH23:1222,YCH23:1223,YCH23:1224,YCH23:1225,YCH23:1226,YCH23:1227,YCH23:1228,YCH23:1229,YCH23:1230,YCH23:1231,YCH23:1232,YCH23:1233,YCH23:1234,YCH23:1235,YCH23:1236,YCH23:1237,YCH23:1238,YCH23:1239,YCH23:1240
2023,X6,15,YCH23:1192,YCH23:1191,YCH23:1190,YCH23:1189,YCH23:1188,YCH23:1187,YCH23:1186,YCH23:1185,YCH23:1184,YCH23:1183,YCH23:1182,YCH23:1181,YCH23:1180,YCH23:1179,YCH23:1178,YCH23:1177,YCH23:1176,YCH23:1175,YCH23:1174,YCH23:1173,YCH23:1172,YCH23:1171,YCH23:1170,YCH23:1169,YCH23:1168,YCH23:1167,YCH23:1166,YCH23:1165,YCH23:1164,YCH23:1163,YCH23:1162,YCH23:1161,YCH23:1160,YCH23:1159,YCH23:1158,YCH23:1157,YCH23:1156,YCH23:1155,YCH23:1154,YCH23:1153,YCH23:1152,YCH23:1151,YCH23:1150,YCH23:1149,YCH23:1148,YCH23:1147,YCH23:1146,YCH23:1145
2023,X6,14,YCH23:1097,YCH23:1098,YCH23:1099,YCH23:1100,YCH23:1101,YCH23:1102,YCH23:1103,YCH23:1104,YCH23:1105,YCH23:1106,YCH23:1107,YCH23:1108,YCH23:1109,YCH23:1110,YCH23:1111,YCH23:1112,YCH23:1113,YCH23:1114,YCH23:1115,YCH23:1116,YCH23:1117,YCH23:1118,YCH23:1119,YCH23:1120,YCH23:1121,YCH23:1122,YCH23:1123,YCH23:1124,YCH23:1125,YCH23:1126,YCH23:1127,YCH23:1128,YCH23:1129,YCH23:1130,YCH23:1131,YCH23:1132,YCH23:1133,YCH23:1134,YCH23:1135,YCH23:1136,YCH23:1137,YCH23:1138,YCH23:1139,YCH23:1140,YCH23:1141,YCH23:1142,YCH23:1143,YCH23:1144
2023,X6,13,YCH23:1096,YCH23:1095,YCH23:1094,YCH23:1093,YCH23:1092,YCH23:1091,YCH23:1090,YCH23:1089,YCH23:1088,YCH23:1087,YCH23:1086,YCH23:1085,YCH23:1084,YCH23:1083,YCH23:1082,YCH23:1081,YCH23:1080,YCH23:1079,YCH23:1078,YCH23:1077,YCH23:1076,YCH23:1075,YCH23:1074,YCH23:1073,YCH23:1072,YCH23:1071,YCH23:1070,YCH23:1069,YCH23:1068,YCH23:1067,YCH23:1066,YCH23:1065,YCH23:1064,YCH23:1063,YCH23:1062,YCH23:1061,YCH23:1060,YCH23:1059,YCH23:1058,YCH23:1057,YCH23:1056,YCH23:1055,YCH23:1054,YCH23:1053,YCH23:1052,YCH23:1051,YCH23:1050,YCH23:1049
2023,X6,12,YCH23:1001,YCH23:1002,YCH23:1003,YCH23:1004,YCH23:1005,YCH23:1006,YCH23:1007,YCH23:1008,YCH23:1009,YCH23:1010,YCH23:1011,YCH23:1012,YCH23:1013,YCH23:1014,YCH23:1015,YCH23:1016,YCH23:1017,YCH23:1018,YCH23:1019,YCH23:1020,YCH23:1021,YCH23:1022,YCH23:1023,YCH23:1024,YCH23:1025,YCH23:1026,YCH23:1027,YCH23:1028,YCH23:1029,YCH23:1030,YCH23:1031,YCH23:1032,YCH23:1033,YCH23:1034,YCH23:1035,YCH23:1036,YCH23:1037,YCH23:1038,YCH23:1039,YCH23:1040,YCH23:1041,YCH23:1042,YCH23:1043,YCH23:1044,YCH23:1045,YCH23:1046,YCH23:1047,YCH23:1048