"Sample_ID","Predicted_Moisture_Content"
"YC22:1001",0.441137968027615
"YC22:1002",0.455646385705527
"YC22:1003",0.464550606023963
"YC22:1004",0.458831268212166
"YC22:1005",0.4508202217815
"YC22:1006",0.457651821524486
"YC22:1007",0.396455442974038
"YC22:1008",0.433670322714012
"YC22:1009",0.439923529604198
"YC22:1010",0.420717401919362
"YC22:1011",0.465161183079018
"YC22:1012",0.459583728610425
"YC22:1013",0.477291819336829
"YC22:1014",0.416130914562218
"YC22:1015",0.439276764353488
"YC22:1016",0.403826361393795
"YC22:1017",0.41028849139757
"YC22:1018",0.414180901732465
"YC22:1019",0.436416598365576
"YC22:1020",0.396353975337317
"YC22:1021",0.444028510855867
"YC22:1022",0.427589487812475
"YC22:1023",0.459746838795353
"YC22:1024",0.417518502892555
"YC22:1025",0.429021325636502
"YC22:1027",0.464373242506907
"YC22:1028",0.410711719574663
"YC22:1029",0.432055518650989
"YC22:1030",0.427143622745878
"YC22:1031",0.443488380473233
"YC22:1032",0.411385582461092
"YC22:1033",0.413936930204931
"YC22:1034",0.444149476681083
"YC22:1035",0.434144680562939
"YC22:1036",0.394056708680124
"YC22:1037",0.431228523130636
"YC22:1038",0.394549010732367
"YC22:1039",0.462822955156601
"YC22:1040",0.425878687302447
"YC22:1041",0.435551409585015
"YC22:1042",0.449234204622968
"YC22:1043",0.425659004531673
"YC22:1044",0.427091598432793
"YC22:1045",0.450001761071498
"YC22:1046",0.40009020411989
"YC22:1047",0.42056654856984
"YC22:1048",0.407784083203863
"YC22:1049",0.411445974238812
"YC22:1050",0.402436881212818
"YC22:1052",0.418222066811143
"YC22:1053",0.412083218002503
"YC22:1054",0.402011269537498
"YC22:1055",0.423153574519006
"YC22:1056",0.390614252714883
"YC22:1058",0.404154227507332
"YC22:1059",0.411211098291731
"YC22:1060",0.440475009615434
"YC22:1061",0.375187766814462
"YC22:1062",0.430880099253048
"YC22:1063",0.391819511449863
"YC22:1064",0.449236979868446
"YC22:1065",0.390664862184274
"YC22:1066",0.387410750256681
"YC22:1067",0.412208619132335
"YC22:1068",0.3914333122406
"YC22:1069",0.391498951929068
"YC22:1070",0.408475151302334
"YC22:1071",0.388079116851316
"YC22:1072",0.426091594976607
"YC22:1073",0.40864952700716
"YC22:1074",0.417897270959438
"YC22:1075",0.414432531012741
"YC22:1076",0.408989606485667
"YC22:1077",0.400846803081991
"YC22:1078",0.407288331326738
"YC22:1079",0.449573580265894
"YC22:1080",0.400043974264257
"YC22:1081",0.43992609318758
"YC22:1083",0.40754424380666
"YC22:1084",0.384096159113448
"YC22:1085",0.406786132360333
"YC22:1086",0.408691484746999
"YC22:1087",0.385363447632379
"YC22:1088",0.374506883105684
"YC22:1089",0.426770433461518
"YC22:1090",0.374276750793646
"YC22:1091",0.395638966029648
"YC22:1092",0.45067365382803
"YC22:1093",0.454976944742231
"YC22:1096",0.400500234688898
"YC22:1097",0.378821677783468
"YC22:1098",0.393601802546931
"YC22:1099",0.396675477526114
"YC22:1100",0.39750429434381
"YC22:1101",0.389632740407401
"YC22:1102",0.402578960450772
"YC22:1103",0.417080773705048
"YC22:1104",0.412664914743253
"YC22:1105",0.379344027725469
"YC22:1106",0.395507685553686
"YC22:1107",0.479730639976646
"YC22:1108",0.395797701294489
"YC22:1109",0.417966146515466
"YC22:1110",0.435685465731143
"YC22:1112",0.423736172411485
"YC22:1113",0.434647502664073
"YC22:1114",0.412532402587245
"YC22:1115",0.393030218653736
"YC22:1116",0.40243763103317
"YC22:1117",0.416619746575223
"YC22:1118",0.413972151053416
"YC22:1119",0.455265908306644
"YC22:1120",0.399314278757978
"YC22:1121",0.483492805399858
"YC22:1122",0.4055954108027
"YC22:1124",0.450176371734858
"YC22:1125",0.391495602494801
"YC22:1126",0.397848933887537
"YC22:1127",0.39068496466625
"YC22:1128",0.40208780447113
"YC22:1129",0.455670110841154
"YC22:1130",0.413697664595646
"YC22:1131",0.444065611350644
"YC22:1132",0.39707011320305
"YC22:1133",0.410185476292241
"YC22:1134",0.417512376867443
"YC22:1135",0.415418826783799
"YC22:1136",0.434632067419462
"YC22:1137",0.403823750203413
"YC22:1138",0.386174349715343
"YC22:1139",0.387945029279609
"YC22:1140",0.444139493129188
"YC22:1141",0.459240512169355
"YC22:1142",0.410624199195343
"YC22:1143",0.429994598420026
"YC22:1144",0.428047997273326
"YC22:1145",0.400237538316006
"YC22:1146",0.411158447929014
"YC22:1147",0.444299272091313
"YC22:1148",0.440165148013513
"YC22:1149",0.410587177964972
"YC22:1150",0.418715151868041
"YC22:1151",0.456811354754863
"YC22:1152",0.441994108891752
"YC22:1153",0.451144247461576
"YC22:1154",0.470777470058587
"YC22:1155",0.399390909336281
"YC22:1156",0.396130801129446
"YC22:1157",0.399229714824558
"YC22:1158",0.434654425604835
"YC22:1159",0.380957054599171
"YC22:1160",0.424931019279868
"YC22:1161",0.442518419754906
"YC22:1162",0.453116693882951
"YC22:1163",0.395206499682573
"YC22:1164",0.403518758980676
"YC22:1165",0.444848958248064
"YC22:1166",0.479032763401829
"YC22:1167",0.423654268503489
"YC22:1168",0.407368972583958
"YC22:1169",0.402849440171613
"YC22:1170",0.456819118615594
"YC22:1171",0.443808395722631
"YC22:1172",0.444294057440376
"YC22:1173",0.465526567382017
"YC22:1174",0.397542697714438
"YC22:1175",0.385016028187638
"YC22:1176",0.428309235970056
"YC22:1177",0.45489675533725
"YC22:1178",0.464248356639358
"YC22:1179",0.47083150939492
"YC22:1180",0.431715833869217
"YC22:1181",0.419084014107728
"YC22:1182",0.421529232619382
"YC22:1183",0.425296586320217
"YC22:1184",0.410305478955836
"YC22:1185",0.403668256306987
"YC22:1186",0.412495855088974
"YC22:1187",0.426739047494045
"YC22:1188",0.436167660589346
"YC22:1189",0.394308331317824
"YC22:1190",0.462418748555607
"YC22:1191",0.42372110808935
"YC22:1192",0.414671542733361
"YC22:1193",0.438746900791159
"YC22:1194",0.45141466142545
"YC22:1195",0.407794752214686
"YC22:1196",0.391943067482341
"YC22:1197",0.409609159259949
"YC22:1198",0.408227395867161
"YC22:1199",0.405009063651162
"YC22:1200",0.423393442918451
"YC22:1201",0.440775237859169
"YC22:1202",0.39381393105212
"YC22:1203",0.399155561094497
"YC22:1205",0.419840920636006
"YC22:1206",0.395119933164314
"YC22:1207",0.417136282270605
"YC22:1208",0.421163159160939
"YC22:1209",0.404997855595874
"YC22:1210",0.402246415372336
"YC22:1211",0.442476287403171
"YC22:1212",0.402734285260479
"YC22:1213",0.439406685840102
"YC22:1214",0.427469105239921
"YC22:1215",0.441312476472378
"YC22:1216",0.431134120014337
"YC22:1217",0.433013578935153
"YC22:1218",0.434581851591807
"YC22:1219",0.423202623626099
"YC22:1220",0.418185052957784
"YC22:1221",0.462857642391015
"YC22:1222",0.397350198852024
"YC22:1223",0.426742638163226
"YC22:1224",0.379553131275669
"YC22:1225",0.404109296481409
"YC22:1226",0.402647235966778
"YC22:1227",0.418705485564826
"YC22:1228",0.410856454974351
"YC22:1229",0.399419142229233
"YC22:1230",0.410575123805966
"YC22:1231",0.41279203932072
"YC22:1232",0.412519645328093
"YC22:1233",0.427205243295712
"YC22:1234",0.415723805540929
"YC22:1235",0.445939069070102
"YC22:1237",0.39953038771074
"YC22:1238",0.412056383175915
"YC22:1239",0.41965254613286
"YC22:1240",0.434888476534989
"YC22:1241",0.429536768162722
"YC22:1242",0.418148318216211
"YC22:1243",0.432457772706555
"YC22:1244",0.451008542345829
"YC22:1245",0.479149024408254
"YC22:1246",0.412258175701944
"YC22:1247",0.44277335282854
"YC22:1248",0.43437429604193
"YC22:1249",0.45808849470328
"YC22:1250",0.446026525109011
"YC22:1251",0.457009352128477
"YC22:1252",0.423089896592394
"YC22:1253",0.4475002212346
"YC22:1254",0.405439717523478
"YC22:1255",0.413672414696059
"YC22:1256",0.42230524645452
"YC22:1257",0.412350071418005
"YC22:1258",0.434765672327813
"YC22:1259",0.408773536179098
"YC22:1260",0.413633160438031
"YC22:1261",0.411000114394601
"YC22:1263",0.428105827297135
"YC22:1264",0.386323678181375
"YC22:1265",0.415251098712025
"YC22:1266",0.469941070920722
"YC22:1267",0.454475199188274
"YC22:1268",0.42340120716657
"YC22:1269",0.414778406210317
"YC22:1270",0.428186332152618
"YC22:1271",0.389656682850335
"YC22:1272",0.49197533852237
"YC22:1273",0.400219481286392
"YC22:1274",0.409300390680067
"YC22:1275",0.396873847285598
"YC22:1276",0.40681390100235
"YC22:1278",0.439252406603383
"YC22:1279",0.413030906646533
"YC22:1281",0.420878273587052
"YC22:1282",0.43521097374501
"YC22:1283",0.411298183354069
"YC22:1284",0.412559612144308
"YC22:1285",0.40673232989797
"YC22:1286",0.437326672699703
"YC22:1287",0.425929894357269
"YC22:1288",0.415888351679266
"YC22:1289",0.468033249010761
"YC22:1290",0.426440310714525
"YC22:1292",0.393781068839674
"YC22:1293",0.412701006850275
"YC22:1294",0.400040982560944
"YC22:1295",0.403974520704314
"YC22:1297",0.431950156745346
"YC22:1299",0.42127378243563
"YC22:1300",0.413352520693531
"YC22:1303",0.41465516064554
"YC22:1304",0.389791371100821
"YC22:1305",0.411992204124111
"YC22:1307",0.44964579817954
"YC22:1308",0.418213021612697
"YC22:1309",0.443156244000687
"YC22:1310",0.39606130267612
"YC22:1311",0.397931955997704
"YC22:1312",0.391070849027866
"YC22:1313",0.407544199130676
"YC22:1315",0.442467168980225
"YC22:1316",0.412795303978795
"YC22:1317",0.389582053142352
"YC22:1318",0.40643963390511
"YC22:1319",0.381033725058201
"YC22:1320",0.401955512567924
"YC22:1321",0.451819619032957
"YC22:1322",0.403548694167731
"YC22:1323",0.392982195571902
"YC22:1324",0.419521643475818
"YC22:1325",0.402374079494473
"YC22:1326",0.392536718469749
"YC22:1327",0.4016487135132
"YC22:1328",0.431103715466922
"YC22:1329",0.439828642921231
"YC22:1330",0.39970932154304
"YC22:1331",0.418937177194001
"YC22:1332",0.509927946870014
"YC22:1333",0.445651553508231
"YC22:1334",0.398286669575147
"YC22:1335",0.412184295526748
"YC22:1336",0.437899196911053
"YC22:1337",0.39812440310931
"YC22:1338",0.395971094456051
"YC22:1339",0.447459287102495
"YC22:1340",0.412722007985144
"YC22:1341",0.413642500370445
"YC22:1342",0.410952995235372
"YC22:1343",0.430073899822316
"YC22:1344",0.404690138039619
"YC22:1345",0.430372838266369
"YC22:1346",0.404595249685267
"YC22:1347",0.429292925682218
"YC22:1348",0.412845650408611
"YC22:1349",0.403836414448061
"YC22:1350",0.400081338787408
"YC22:1351",0.403912070665025
"YC22:1352",0.404989677318271
"YC22:1353",0.445405644211311
"YC22:1354",0.410824898516939
"YC22:1355",0.393464248686294
"YC22:1356",0.430626786045823
"YC22:1357",0.413591363821189
"YC22:1358",0.397822146121393
"YC22:1359",0.416491729770371
"YC22:1361",0.44689521004223
"YC22:1362",0.418215977129366
"YC22:1363",0.44149358973452
"YC22:1364",0.415151509617815
"YC22:1365",0.413901574883144
"YC22:1366",0.404414577830958
"YC22:1367",0.402099039096878
"YC22:1368",0.391120661835033
"YC22:1369",0.431440016803918
"YC22:1370",0.420897085638699
"YC22:1371",0.41871215522072
"YC22:1372",0.435009885931489
"YC22:1373",0.424956779856813
"YC22:1374",0.422781210996953
"YC22:1376",0.424590165218855
"YC22:1377",0.398741955204583
"YC22:1378",0.400629935861532
"YC22:1379",0.409115215894391
"YC22:1380",0.400772678251527
"YC22:1381",0.436866165765233
"YC22:1382",0.399996319749171
"YC22:1384",0.442591340505591
"YC22:1385",0.407474976852666
"YC22:1386",0.405453974123908
"YC22:1388",0.375811881913692
"YC22:1389",0.406643641806653
"YC22:1390",0.404358362643226
"YC22:1391",0.405473045239857
"YC22:1392",0.407022078344861
"YC22:1393",0.426042906906923
"YC22:1394",0.421603837338629
"YC22:1395",0.404818737268952
"YC22:1396",0.409410232781633
"YC22:1398",0.412106566668004
"YC22:1399",0.429989835821195
"YC22:1400",0.425680854417367
"YC22:1401",0.420225864266917
"YC22:1402",0.41190210586001
"YC22:1403",0.428002716302806
"YC22:1404",0.432992091171195
"YC22:1405",0.422672782291525
"YC22:1406",0.387253848846669
"YC22:1407",0.439317943678062
"YC22:1409",0.414027719748731
"YC22:1410",0.402419365170729
"YC22:1411",0.41975257328275
"YC22:1412",0.420674116318791
"YC22:1413",0.422591783439493
"YC22:1414",0.405538474984937
"YC22:1415",0.39011843203774
"YC22:1416",0.422759232163265
"YC22:1417",0.397602655427526
"YC22:1418",0.397691773023425
"YC22:1419",0.421925631491975
"YC22:1420",0.394039454901838
"YC22:1421",0.420147444467636
"YC22:1422",0.426951390916045
"YC22:1423",0.407171928224247
"YC22:1424",0.395698636550703
"YC22:1425",0.387541656178591
"YC22:1426",0.431860898603876
"YC22:1427",0.415036218861965
"YC22:1428",0.395073646615283
"YC22:1429",0.406494789140306
"YC22:1430",0.424208834853421
"YC22:1431",0.422973532826936
"YC22:1433",0.402284689822537
"YC22:1434",0.405825441211117
"YC22:1435",0.394851575503212
"YC22:1436",0.42509313660278
"YC22:1437",0.411775047215516
"YC22:1438",0.408758600724935
"YC22:1439",0.404849342494865
"YC22:1440",0.425850188659385
"YC22:1441",0.440390779659698
"YC22:1442",0.412939787543271
"YC22:1443",0.395994251160525
"YC22:1444",0.419339163267776
"YC22:1445",0.39237089150835
"YC22:1446",0.42789756621768
"YC22:1447",0.40359874322007
"YC22:1448",0.443167774215801
"YC22:1449",0.409358613812478
"YC22:1450",0.43702875501046
"YC22:1451",0.393016970381967
"YC22:1452",0.412992602508491
"YC22:1453",0.432790147511049
"YC22:1457",0.430666153473942
"YC22:1458",0.405193250450545
"YC22:1459",0.44724379767642
"YC22:1460",0.392978351817841
"YC22:1461",0.435427063321954
"YC22:1462",0.447091198088999
"YC22:1463",0.425961158468006
"YC22:1464",0.387401741425304
"YC22:1465",0.457999209515304
"YC22:1466",0.428568970626739
"YC22:1467",0.427877390078968
"YC22:1468",0.417505852750331
"YC22:1469",0.418047990412086
"YC22:1470",0.3958912553919
"YC22:1471",0.434760484716675
"YC22:1472",0.416875672821266
"YC22:1473",0.413827460476454
"YC22:1474",0.37498383894112
"YC22:1475",0.438308124844876
"YC22:1476",0.394036462548818
"YC22:1477",0.408386276738077
"YC22:1478",0.439971856774735
"YC22:1479",0.418943363270987
"YC22:1480",0.407834183997108
"YC22:1481",0.438280666827563
"YC22:1482",0.440315279376832
"YC22:1486",0.396237338984457
"YC22:1487",0.409177299393598
"YC22:1488",0.425140465962696
"YC22:1489",0.422051891595484
"YC22:1490",0.399936002039943
"YC22:1492",0.416480887263343
"YC22:1493",0.417067519574651
"YC22:1495",0.390229797581536
"YC22:1496",0.414834486763425
"YC22:1497",0.445516980257945
"YC22:1498",0.444847055069977
"YC22:1499",0.417136115931356
"YC22:1500",0.437839202923907
"YC22:1501",0.398324849628031
"YC22:1502",0.410355700844458
"YC22:1503",0.385464436739644
"YC22:1504",0.442661978354437
"YC22:1505",0.42730360287066
"YC22:1506",0.421409971944673
"YC22:1507",0.409086045962164
"YC22:1508",0.390997393468342
"YC22:1509",0.459392578040536
"YC22:1510",0.400167009962082
"YC22:1511",0.378796667643645
"YC22:1512",0.429231252549373
"YC22:1513",0.430202992733835
"YC22:1514",0.432203070783
"YC22:1515",0.414019646096031
"YC22:1516",0.400786299143291
"YC22:1517",0.405331165857532
"YC22:1518",0.425465563112498
"YC22:1519",0.407551739401242
"YC22:1520",0.402914725398688
"YC22:2001",0.410272673753035
"YC22:2002",0.431749698489647
"YC22:2003",0.430471672429139
"YC22:2004",0.393266718005193
"YC22:2005",0.401198967564999
"YC22:2006",0.458427105882996
"YC22:2007",0.406252161556493
"YC22:2008",0.397296345743513
"YC22:2009",0.429650996245038
"YC22:2010",0.457919415967926
"YC22:2011",0.389569522203576
"YC22:2012",0.418687591168197
"YC22:2013",0.37442977896476
"YC22:2014",0.409566050098832
"YC22:2015",0.378663613401559
"YC22:2016",0.384364018841201
"YC22:2017",0.461884854050042
"YC22:2018",0.397384867207074
"YC22:2019",0.392869057537682
"YC22:2020",0.416428384321456
"YC22:2021",0.418899389980636
"YC22:2022",0.424429573099157
"YC22:2023",0.395036397708468
"YC22:2024",0.416028133815343
"YC22:2025",0.396884932563673
"YC22:2026",0.397689361438643
"YC22:2027",0.404208065222269
"YC22:2028",0.395343849914409
"YC22:2029",0.450876662904334
"YC22:2030",0.398572784712154
"YC22:2031",0.396243407927129
"YC22:2032",0.433714457700042
"YC22:2033",0.405721422654563
"YC22:2034",0.431980302478972
"YC22:2035",0.37584241259087
"YC22:2036",0.424760075272611
"YC22:2037",0.456141347655331
"YC22:2038",0.412167570252173
"YC22:2039",0.383935314992703
"YC22:2040",0.430436551758599
"YC22:2041",0.412544652696851
"YC22:2042",0.388825731580349
"YC22:2043",0.403802002330088
"YC22:2044",0.394495845569405
"YC22:2045",0.420294845456023
"YC22:2046",0.411974761332562
"YC22:2047",0.377419624936288
"YC22:2048",0.431421228512655
"YC22:2049",0.412961938391416
"YC22:2050",0.400935092929734
"YC22:2051",0.448681286458211
"YC22:2052",0.440594651123072
"YC22:2053",0.396292126859724
"YC22:2054",0.415093205102195
"YC22:2055",0.404524783292779
"YC22:2056",0.414612786385551
"YC22:2057",0.418631982780549
"YC22:2058",0.470517202863921
"YC22:2059",0.430446303722661
"YC22:2060",0.421324268337199
"YC22:2063",0.432132302531631
"YC22:2064",0.435960329753134
"YC22:2065",0.435211096140829
"YC22:2066",0.398546507820714
"YC22:2067",0.406208727111603
"YC22:2068",0.400594598489588
"YC22:2069",0.40617412520259
"YC22:2070",0.386281297600582
"YC22:2071",0.428662096112632
"YC22:2072",0.477276235053679
"YC22:2073",0.426080334979004
"YC22:2074",0.460931261575252
"YC22:2075",0.413146800576779
"YC22:2076",0.408179438514346
"YC22:2077",0.417200866449752
"YC22:2078",0.426591618268564
"YC22:2079",0.404119912295624
"YC22:2080",0.437920484472902
"YC22:2081",0.419897270324299
"YC22:2082",0.413621744719744
"YC22:2083",0.45562946659931
"YC22:2084",0.414358339033123
"YC22:2085",0.425802362653268
"YC22:2086",0.401672282157351
"YC22:2087",0.413772969072098
"YC22:2088",0.418775375615672
"YC22:2089",0.435494244739039
"YC22:2090",0.412185924393815
"YC22:2091",0.390399323819628
"YC22:2092",0.42122504250619
"YC22:2093",0.43242346110489
"YC22:2094",0.430463991950478
"YC22:2095",0.384993474952138
"YC22:2096",0.421042882672192
"YC22:2097",0.397488407073883
"YC22:2098",0.44164810236982
"YC22:2099",0.432190432552008
"YC22:2100",0.427599121118779
"YC22:2101",0.447106207635497
"YC22:2103",0.438452479047041
"YC22:2104",0.452587330067989
"YC22:2105",0.421369723241811
"YC22:2108",0.42476698016984
"YC22:2109",0.402168968065626
"YC22:2110",0.399127924791336
"YC22:2111",0.428945732587465
"YC22:2112",0.464229675983641
"YC22:2113",0.405784768479187
"YC22:2114",0.405408455561729
"YC22:2115",0.444711860263169
"YC22:2116",0.446624151010822
"YC22:2117",0.437326673488346
"YC22:2118",0.396482321367667
"YC22:2119",0.43361546934579
"YC22:2120",0.415751229617868
"YC22:2121",0.434440874892835
"YC22:2122",0.452126427081977
"YC22:2123",0.442290325784976
"YC22:2124",0.409467468615761
"YC22:2125",0.416178379035855
"YC22:2126",0.442931914513576
"YC22:2127",0.427154248451798
"YC22:2128",0.436417240919577
"YC22:2129",0.405778256112869
"YC22:2130",0.408729436952776
"YC22:2131",0.410379729388526
"YC22:2132",0.4423460290505
"YC22:2133",0.406220337678164
"YC22:2134",0.405754547238112
"YC22:2135",0.417675007389832
"YC22:2136",0.391858227047956
"YC22:2137",0.401635609985418
"YC22:2139",0.399508649289846
"YC22:2140",0.394635721224541
"YC22:2141",0.390979241402928
"YC22:2142",0.381848718446446
"YC22:2143",0.430494321704331
"YC22:2144",0.378315753853201
"YC22:2145",0.427371771692503
"YC22:2146",0.430611546289831
"YC22:2147",0.462046228594491
"YC22:2148",0.435525440706838
"YC22:2149",0.39418291867466
"YC22:2151",0.457047957588597
"YC22:2152",0.391149424431425
"YC22:2153",0.411952666853423
"YC22:2154",0.419617740456789
"YC22:2155",0.40140386943097
"YC22:2156",0.396833755388096
"YC22:2157",0.417578796780227
"YC22:2158",0.399501086125446
"YC22:2159",0.428261452276267
"YC22:2160",0.431846666052315
"YC22:2161",0.409958355216866
"YC22:2162",0.439457793209104
"YC22:2163",0.401294495100138
"YC22:2165",0.441332759308928
"YC22:2166",0.415196052391979
"YC22:2167",0.426395161134881
"YC22:2168",0.429704703904824
"YC22:2169",0.408336494005168
"YC22:2170",0.418919504186276
"YC22:2171",0.424830204146513
"YC22:2172",0.424374138065087
"YC22:2173",0.410211181264548
"YC22:2174",0.408936922980202
"YC22:2176",0.398427538744592
"YC22:2177",0.404270577035938
"YC22:2178",0.401228482977431
"YC22:2179",0.472793460349427
"YC22:2180",0.402068598736153
"YC22:2181",0.413066726224194
"YC22:2182",0.415105371873533
"YC22:2183",0.436816702256766
"YC22:2184",0.416854985932719
"YC22:2185",0.434740094222869
"YC22:2186",0.408605124275759
"YC22:2187",0.409950030417482
"YC22:2188",0.431946213567314
"YC22:2189",0.399890905726426
"YC22:2190",0.400700665552062
"YC22:2191",0.403859907129932
"YC22:2192",0.417936991418462
"YC22:2193",0.403065371686683
"YC22:2194",0.395043483701726
"YC22:2195",0.414865082526714
"YC22:2196",0.470187265051022
"YC22:2197",0.450201607119203
"YC22:2198",0.409582813471635
"YC22:2199",0.404568730483159
"YC22:2200",0.46980942255328
"YC22:2201",0.391981203183948
"YC22:2202",0.404135851944682
"YC22:2203",0.402371982465723
"YC22:2204",0.431190997684458
"YC22:2205",0.444164970113459
"YC22:2207",0.443431069491041
"YC22:2208",0.442684332137316
"YC22:2209",0.402028921047474
"YC22:2210",0.455139942170291
"YC22:2211",0.418663052340374
"YC22:2212",0.426233906469047
"YC22:2213",0.429405911764542
"YC22:2214",0.413646692052934
"YC22:2215",0.397050199297302
"YC22:2216",0.425049967971701
"YC22:2217",0.45957115256152
"YC22:2218",0.418569860366892
"YC22:2219",0.420882867607691
"YC22:2220",0.396459164320982
"YC22:2221",0.428659094702664
"YC22:2222",0.415402240219738
"YC22:2223",0.446932758105738
"YC22:2224",0.39768823428463
"YC22:2225",0.472430714488107
"YC22:2226",0.400545566022842
"YC22:2227",0.405137034760746
"YC22:2228",0.406541572776992
"YC22:2229",0.393144467739183
"YC22:2230",0.390728794191181
"YC22:2231",0.417183231578139
"YC22:2232",0.397898228768127
"YC22:2233",0.397975461808658
"YC22:2234",0.403603269522905
"YC22:2235",0.386814173396424
"YC22:2236",0.388706343203909
"YC22:2238",0.403129329212686
"YC22:2239",0.397355116335474
"YC22:2240",0.388677825510316
"YC22:2241",0.461176357516183
"YC22:2242",0.41660767085232
"YC22:2243",0.416974246970347
"YC22:2244",0.431158729778637
"YC22:2245",0.418527556514415
"YC22:2246",0.417394125518535
"YC22:2247",0.397847678198731
"YC22:2248",0.420081220168394
"YC22:2249",0.379868946679546
"YC22:2250",0.427101587327254
"YC22:2251",0.415326668657251
"YC22:2252",0.39681961347824
"YC22:2253",0.423049338505608
"YC22:2254",0.397744848094976
"YC22:2255",0.434165014848994
"YC22:2256",0.405285596862259
"YC22:2257",0.392554804552051
"YC22:2258",0.486583350169824
"YC22:2259",0.440267229805276
"YC22:2260",0.439815136680428
"YC22:2262",0.426048113607198
"YC22:2263",0.407564671661256
"YC22:2264",0.408365246441187
"YC22:2265",0.448489068642124
"YC22:2266",0.400875985333453
"YC22:2267",0.404722460971593
"YC22:2268",0.40478386179699
"YC22:2269",0.415042252892677
"YC22:2270",0.421304171963182
"YC22:2271",0.455125460661904
"YC22:2272",0.391963724692109
"YC22:2273",0.410428329006196
"YC22:2274",0.399496643167695
"YC22:2275",0.411459135301571
"YC22:2276",0.403043386519803
"YC22:2277",0.43880330678736
"YC22:2278",0.431783357768097
"YC22:2279",0.373593243911176
"YC22:2280",0.438844213776521
"YC22:2281",0.426562019617375
"YC22:2282",0.393001973166099
"YC22:2283",0.400621212209463
"YC22:2284",0.396047259965791
"YC22:2285",0.430833383509098
"YC22:2286",0.400689197733504
"YC22:2287",0.397970079307074
"YC22:2288",0.406674508644677
"YC22:2290",0.410882642221624
"YC22:2291",0.421875070710894
"YC22:2292",0.433989700564847
"YC22:2294",0.429815203177477
"YC22:2296",0.404061632260229
"YC22:2297",0.385070704795939
"YC22:2298",0.409727571305649
"YC22:2299",0.399311636345726
"YC22:2300",0.398827948766561
"YC22:2302",0.407787652513534
"YC22:2303",0.386208161846623
"YC22:2304",0.403319802848331
"YC22:2306",0.415607129997202
"YC22:2307",0.37683145540451
"YC22:2308",0.430048473683687
"YC22:2309",0.420157978490011
"YC22:2310",0.418713748709306
"YC22:2312",0.401424524541291
"YC22:2313",0.412648872431209
"YC22:2314",0.424833452359929
"YC22:2315",0.424711346477731
"YC22:2316",0.39036884053584
"YC22:2317",0.401488515275579
"YC22:2318",0.411266191250538
"YC22:2319",0.401389454910151
"YC22:2320",0.434374817604221
"YC22:2321",0.416306401617546
"YC22:2322",0.408329805808706
"YC22:2323",0.444788640612302
"YC22:2324",0.417356637001888
"YC22:2326",0.399874179797144
"YC22:2327",0.381251478483448
"YC22:2328",0.380928984340081
"YC22:2329",0.450877117621069
"YC22:2331",0.402112190165145
"YC22:2332",0.419915069807812
"YC22:2333",0.418692304578307
"YC22:2334",0.417895689757289
"YC22:2335",0.417025821794231
"YC22:2336",0.375635000532485
"YC22:2337",0.419205094431963
"YC22:2338",0.391320965492423
"YC22:2339",0.412218010453839
"YC22:2340",0.411069675480976
"YC22:2341",0.428249693750198
"YC22:2342",0.394515456893426
"YC22:2343",0.38174542353155
"YC22:2344",0.402843076798172
"YC22:2345",0.452243935193047
"YC22:2346",0.415711655045915
"YC22:2347",0.443049047351488
"YC22:2349",0.404531815634643
"YC22:2350",0.407767774835235
"YC22:2351",0.400326234245128
"YC22:2352",0.403760037854812
"YC22:2354",0.425193876418579
"YC22:2355",0.440264070968331
"YC22:2356",0.39037360086449
"YC22:2357",0.417850587466504
"YC22:2358",0.401785529327575
"YC22:2360",0.393518623160919
"YC22:2361",0.423188078700157
"YC22:2362",0.406020983958416
"YC22:2363",0.424657199027313
"YC22:2364",0.426354646266716
"YC22:2365",0.421227573288242
"YC22:2366",0.45375818540896
"YC22:2367",0.40325643981884
"YC22:2368",0.438649402274034
"YC22:2370",0.419366769016828
"YC22:2371",0.433207426848544
"YC22:2372",0.389322564402036
"YC22:2373",0.454936200348802
"YC22:2375",0.408544842715172
"YC22:2376",0.464343156018322
"YC22:2377",0.396007667169623
"YC22:2378",0.448410438203267
"YC22:2379",0.412419486623564
"YC22:2381",0.444402806234469
"YC22:2382",0.415287961490183
"YC22:2383",0.445733640648818
"YC22:2384",0.461624898649615
"YC22:2385",0.405104843889749
"YC22:2387",0.388470470468184
"YC22:2388",0.416923802644573
"YC22:2389",0.408089572350363
"YC22:2390",0.45255260178262
"YC22:2391",0.462442054173692
"YC22:2392",0.433568515020449
"YC22:2393",0.402167721858977
"YC22:2394",0.419799920482135
"YC22:2396",0.419773244679376
"YC22:2397",0.390663460479126
"YC22:2400",0.42209421507052
"YC22:2401",0.392334793076684
"YC22:2402",0.40066840292216
"YC22:2403",0.400304338689675
"YC22:2404",0.398152931834557
"YC22:2405",0.397691087585109
"YC22:2406",0.411003405072619
"YC22:2407",0.440311755861027
"YC22:2408",0.405417618482746
"YC22:2409",0.435064590188797
"YC22:2410",0.429327356201305
"YC22:2412",0.416625749226246
"YC22:2413",0.451991394282836
"YC22:2414",0.43816375717363
"YC22:2415",0.415362184431798
"YC22:2416",0.41254137739475
"YC22:2417",0.401094046393273
"YC22:2418",0.40966904669417
"YC22:2419",0.413930542218783
"YC22:2420",0.447365278866902
"YC22:2421",0.379510384590305
"YC22:2422",0.405661361239731
"YC22:2423",0.403151010437849
"YC22:2425",0.441623120417553
"YC22:2426",0.424738799945286
"YC22:2428",0.416568764052268
"YC22:2429",0.399377113668523
"YC22:2430",0.448954816460567
"YC22:2431",0.395594088199037
"YC22:2432",0.398781321645366
"YC22:2433",0.426776064887247
"YC22:2434",0.421922506243836
"YC22:2435",0.384138006477123
"YC22:2436",0.413671318225751
"YC22:2437",0.428373889566852
"YC22:2438",0.430100966516021
"YC22:2440",0.412018767154365
"YC22:2441",0.484071101203472
"YC22:2442",0.413648204035665
"YC22:2443",0.418110872222067
"YC22:2444",0.424292095851815
"YC22:2445",0.390109529158974
"YC22:2446",0.390833673061242
"YC22:2447",0.397008428870084
"YC22:2448",0.404132421421233
"YC22:2449",0.412356853902686
"YC22:2450",0.427199540909101
"YC22:2451",0.418435878753385
"YC22:2452",0.392284552415196
"YC22:2454",0.425717618100731
"YC22:2457",0.391413034868664
"YC22:2458",0.388734570559613
"YC22:2459",0.389556713126109
"YC22:2460",0.387774259714954
"YC22:2461",0.444115265819209
"YC22:2464",0.435793693304188
"YC22:2465",0.429803832906603
"YC22:2466",0.400458254043947
"YC22:2467",0.423531045844399
"YC22:2468",0.424167216376709
"YC22:2469",0.414538153876821
"YC22:2470",0.449600436906953
"YC22:2471",0.414258609145859
"YC22:2472",0.416776263632236
"YC22:2473",0.415902110500126
"YC22:2474",0.445829307025813
"YC22:2475",0.415480852792205
"YC22:2476",0.42097879119223
"YC22:2477",0.380347798343434
"YC22:2478",0.390824715237271
"YC22:2479",0.45247347584086
"YC22:2480",0.39916400144663
"YC22:2481",0.407338342438732
"YC22:2483",0.399588974636076
"YC22:2484",0.449213833574208
"YC22:2485",0.41284673831811
"YC22:2486",0.437389710342812
"YC22:2487",0.45162045905029
"YC22:2489",0.406932948478717
"YC22:2490",0.400783709489393
"YC22:2491",0.426795234762368
"YC22:2492",0.411636100514704
"YC22:2493",0.427907369375285
"YC22:2494",0.436506987421239
"YC22:2495",0.419806380689342
"YC22:2496",0.393372039252861
"YC22:2497",0.431595756796415
"YC22:2498",0.437265133571684
"YC22:2499",0.420689713104288
"YC22:2500",0.392861754197817
"YC22:2501",0.422207475699667
"YC22:2502",0.415526336153607
"YC22:2503",0.436099372924409
"YC22:2504",0.410907719308435
"YC22:2505",0.432923249552698
"YC22:2506",0.425163488050036
"YC22:2507",0.416271126349708
"YC22:2508",0.433781897303891
"YC22:2509",0.387465839013691
"YC22:2510",0.434705164607878
"YC22:2511",0.385955085955834
"YC22:2512",0.377601434017042
"YC22:2513",0.386086366145152
"YC22:2514",0.40463605983969
"YC22:2515",0.391094003806811
"YC22:2516",0.409773098320963
"YC22:2517",0.441461933661138
"YC22:2518",0.389171641702796
"YC22:2519",0.398963708511137
"YC22:2520",0.38836441397397
"YC23:1001",0.435998520046918
"YC23:1002",0.456578814395367
"YC23:1003",0.471161571860271
"YC23:1004",0.433756116636502
"YC23:1005",0.503848130164624
"YC23:1006",0.45513196333505
"YC23:1007",0.462731908092569
"YC23:1009",0.489295922892337
"YC23:1010",0.457159830103741
"YC23:1011",0.442758153139255
"YC23:1013",0.465758538189808
"YC23:1014",0.451064183610068
"YC23:1015",0.476257857629325
"YC23:1016",0.452619999550411
"YC23:1017",0.458062517743059
"YC23:1018",0.439179725657261
"YC23:1019",0.419705109601342
"YC23:1020",0.464174028557903
"YC23:1021",0.44106936131986
"YC23:1022",0.444358345574529
"YC23:1023",0.439601826374468
"YC23:1024",0.441454282539627
"YC23:1025",0.435522863838855
"YC23:1027",0.459457737413264
"YC23:1028",0.492252403389628
"YC23:1030",0.461904680187336
"YC23:1031",0.449704474912772
"YC23:1032",0.449719836313064
"YC23:1033",0.43258793578885
"YC23:1034",0.416702693051139
"YC23:1035",0.423901539132044
"YC23:1038",0.440096499166811
"YC23:1039",0.469108810161539
"YC23:1040",0.457626953091708
"YC23:1041",0.447088168302298
"YC23:1042",0.420092152159484
"YC23:1043",0.460828200634334
"YC23:1044",0.409395613866392
"YC23:1045",0.450811460941083
"YC23:1046",0.407872766044781
"YC23:1047",0.43464236032554
"YC23:1048",0.428487500759147
"YC23:1049",0.421760339731694
"YC23:1050",0.395674928646834
"YC23:1051",0.425523350975884
"YC23:1052",0.42499669075166
"YC23:1054",0.429769877131009
"YC23:1055",0.443416274382466
"YC23:1056",0.442306246168413
"YC23:1057",0.43821996528365
"YC23:1058",0.443895836957808
"YC23:1059",0.424471102057196
"YC23:1060",0.460076458115609
"YC23:1061",0.446735892658809
"YC23:1062",0.453662705698301
"YC23:1063",0.440755874307843
"YC23:1064",0.429086045411118
"YC23:1065",0.42109497881541
"YC23:1066",0.488618019987441
"YC23:1067",0.445273438975237
"YC23:1068",0.432079457539062
"YC23:1069",0.444455884456881
"YC23:1070",0.44415746106694
"YC23:1071",0.456638974802947
"YC23:1072",0.427511041139611
"YC23:1073",0.477083589652446
"YC23:1074",0.427071303537063
"YC23:1075",0.493092591484168
"YC23:1076",0.448742463587616
"YC23:1077",0.436064669474128
"YC23:1078",0.442234629745613
"YC23:1079",0.442107332874108
"YC23:1080",0.457900891862504
"YC23:1081",0.452308553962767
"YC23:1082",0.442665313321159
"YC23:1083",0.442464304044246
"YC23:1084",0.468191163965442
"YC23:1085",0.404868191961341
"YC23:1086",0.461642310325733
"YC23:1087",0.490911357218426
"YC23:1088",0.462522960533787
"YC23:1089",0.469357094136591
"YC23:1090",0.436986454554224
"YC23:1091",0.425419553301495
"YC23:1092",0.419891873814897
"YC23:1093",0.477199036600629
"YC23:1094",0.467507082692238
"YC23:1095",0.462219451259484
"YC23:1096",0.436962223976966
"YC23:1097",0.504221607031422
"YC23:1098",0.459564514207468
"YC23:1099",0.456412990327898
"YC23:1100",0.443919915964579
"YC23:1101",0.503493258823379
"YC23:1102",0.458865175783723
"YC23:1103",0.432255944116864
"YC23:1104",0.462676446240054
"YC23:1105",0.450541744376245
"YC23:1107",0.42751930147323
"YC23:1108",0.452248992644599
"YC23:1109",0.414907711957217
"YC23:1110",0.477444144115024
"YC23:1111",0.442084427964887
"YC23:1112",0.496980749397327
"YC23:1113",0.448675185387996
"YC23:1114",0.460196880302744
"YC23:1115",0.42769285300962
"YC23:1116",0.447896453437337
"YC23:1117",0.48812636742961
"YC23:1118",0.462356260020986
"YC23:1119",0.436741657861654
"YC23:1120",0.447397659983431
"YC23:1121",0.452727204822379
"YC23:1122",0.454499308589779
"YC23:1123",0.454063989466609
"YC23:1124",0.448969520667624
"YC23:1125",0.452324212998321
"YC23:1126",0.43841612180395
"YC23:1127",0.430455995527946
"YC23:1128",0.477048518649539
"YC23:1129",0.433956655726102
"YC23:1132",0.471826915010025
"YC23:1133",0.455208076525548
"YC23:1134",0.445451373157929
"YC23:1135",0.438305613236777
"YC23:1136",0.434768169216863
"YC23:1137",0.420693122849634
"YC23:1138",0.415866236762178
"YC23:1139",0.440403858177111
"YC23:1140",0.418081486632086
"YC23:1141",0.414048070398471
"YC23:1142",0.432275241467119
"YC23:1143",0.407192899775402
"YC23:1144",0.435804338726322
"YC23:1145",0.442946356812845
"YC23:1146",0.420757098030323
"YC23:1147",0.436806801820988
"YC23:1148",0.406200459719744
"YC23:1149",0.447556385635851
"YC23:1150",0.425773645245582
"YC23:1151",0.446969047461676
"YC23:1152",0.437931144432259
"YC23:1153",0.463675120980174
"YC23:1154",0.428092753899177
"YC23:1155",0.439057121846635
"YC23:1156",0.434353738765592
"YC23:1157",0.411074366771388
"YC23:1158",0.425532982606767
"YC23:1159",0.460506218094422
"YC23:1160",0.465557985416712
"YC23:1161",0.444052489375029
"YC23:1162",0.439985815448208
"YC23:1163",0.436497564414087
"YC23:1164",0.462386521631278
"YC23:1165",0.430161709778665
"YC23:1166",0.427773052269745
"YC23:1167",0.442266821179609
"YC23:1168",0.450798371139309
"YC23:1169",0.431499516108116
"YC23:1170",0.423183550616307
"YC23:1171",0.480203206703056
"YC23:1172",0.489598378084422
"YC23:1173",0.445063690105455
"YC23:1174",0.426872735457077
"YC23:1175",0.48868633584869
"YC23:1176",0.457611852822483
"YC23:1177",0.454937850037424
"YC23:1179",0.456173944335942
"YC23:1180",0.435838547558778
"YC23:1181",0.480257500426441
"YC23:1182",0.440535705070246
"YC23:1183",0.464184325373887
"YC23:1184",0.48074025445249
"YC23:1185",0.451847692372386
"YC23:1186",0.477475021035477
"YC23:1188",0.428123866985193
"YC23:1189",0.464443644241122
"YC23:1190",0.449579583888566
"YC23:1191",0.476065624673915
"YC23:1192",0.454281545261579
"YC23:1193",0.467082016109679
"YC23:1195",0.449289832891672
"YC23:1196",0.464231256976148
"YC23:1197",0.491376050320629
"YC23:1198",0.442765453200618
"YC23:1199",0.430871346960824
"YC23:1201",0.471627398473447
"YC23:1202",0.426383440403868
"YC23:1203",0.44624552272069
"YC23:1204",0.474087666985005
"YC23:1206",0.454379986186168
"YC23:1207",0.478235625471997
"YC23:1208",0.444777939872036
"YC23:1210",0.455601463054282
"YC23:1211",0.477645253497371
"YC23:1212",0.480321041591791
"YC23:1213",0.431546562764812
"YC23:1214",0.435723841178048
"YC23:1216",0.456203563237574
"YC23:1217",0.447766101323511
"YC23:1218",0.447408795777054
"YC23:1219",0.451261562818364
"YC23:1220",0.477362225050075
"YC23:1221",0.451176653132647
"YC23:1222",0.43524054206684
"YC23:1224",0.447737360613387
"YC23:1226",0.444178438061105
"YC23:1227",0.416920249408453
"YC23:1228",0.449505241276945
"YC23:1230",0.423578449415392
"YC23:1231",0.445512830774787
"YC23:1232",0.459289904469792
"YC23:1234",0.414653425725617
"YC23:1236",0.435043183802475
"YC23:1237",0.41024401623917
"YC23:1238",0.421793254915449
"YC23:1239",0.428846750858102
"YC23:1240",0.436290572317987
"YC23:1241",0.451364161914352
"YC23:1242",0.463242373514371
"YC23:1243",0.422927633198929
"YC23:1246",0.427185185853855
"YC23:1247",0.415503554097141
"YC23:1249",0.432590092004846
"YC23:1250",0.454308833372517
"YC23:1252",0.471747678607487
"YC23:1253",0.44546435595035
"YC23:1254",0.447162817370777
"YC23:1255",0.440553947854123
"YC23:1256",0.442936143618917
"YC23:1257",0.426356861686394
"YC23:1259",0.431944871454821
"YC23:1260",0.438213877242118
"YC23:1261",0.4366534612047
"YC23:1262",0.442315838060986
"YC23:1265",0.429737170161587
"YC23:1266",0.398824375261621
"YC23:1268",0.431859158599548
"YC23:1269",0.446563052283009
"YC23:1270",0.410480082542121
"YC23:1271",0.416726727880831
"YC23:1272",0.435221912201293
"YC23:1273",0.444574931495073
"YC23:1274",0.459327023999026
"YC23:1275",0.448595885343154
"YC23:1279",0.454961405511122
"YC23:1280",0.468203513079844
"YC23:1282",0.44144475586839
"YC23:1283",0.422214682569629
"YC23:1284",0.446685194136673
"YC23:1285",0.453483772850647
"YC23:1286",0.435147907639746
"YC23:1288",0.424524803309487
"YC23:1289",0.43357844929833
"YC23:1290",0.44495010648314
"YC23:1291",0.474527556445925
"YC23:1292",0.43456943258789
"YC23:1293",0.42470649927519
"YC23:1294",0.455632568967594
"YC23:1295",0.405038350124569
"YC23:1296",0.453349525238808
"YC23:1297",0.427702285153362
"YC23:1298",0.432893472652082
"YC23:1299",0.411167810506601
"YC23:1300",0.420003498730249
"YC23:1301",0.459170227042599
"YC23:1302",0.424987540726865
"YC23:1303",0.431261387061623
"YC23:1304",0.433605129509403
"YC23:1305",0.436835945501164
"YC23:1306",0.438589813719522
"YC23:1307",0.43959878953825
"YC23:1308",0.469001842869174
"YC23:1309",0.484672295509545
"YC23:1310",0.451961567363885
"YC23:1311",0.377335588573439
"YC23:1313",0.448491912193589
"YC23:1314",0.423913012364298
"YC23:1315",0.461906141522174
"YC23:1316",0.423333186156701
"YC23:1317",0.40421623758832
"YC23:1318",0.438997143996827
"YC23:1320",0.433779880705843
"YC23:1321",0.422886052863047
"YC23:1322",0.451699244669406
"YC23:1323",0.423872640068753
"YC23:1325",0.427963977564706
"YC23:1326",0.432747705088912
"YC23:1327",0.479368045587138
"YC23:1328",0.450385629649194
"YC23:1329",0.437806893429906
"YC23:1330",0.437593491458192
"YC23:1331",0.434252506167281
"YC23:1332",0.435445207660712
"YC23:1334",0.428703353419028
"YC23:1336",0.428353744500445
"YC23:1337",0.478724752485299
"YC23:1338",0.448704178500319
"YC23:1339",0.430572996080316
"YC23:1340",0.40224409579545
"YC23:1341",0.426088755638547
"YC23:1342",0.417530424243839
"YC23:1343",0.467043578631868
"YC23:1344",0.429914695565953
"YC23:1345",0.424214515013964
"YC23:1346",0.446852500301567
"YC23:1347",0.45786130081555
"YC23:1348",0.448699999283818
"YC23:1349",0.483702908038749
"YC23:1350",0.417567791218444
"YC23:1351",0.444711572282888
"YC23:1352",0.406377940017506
"YC23:1353",0.421978387133575
"YC23:1354",0.438850974607563
"YC23:1355",0.429970999972024
"YC23:1356",0.433149933974236
"YC23:1357",0.458816619251243
"YC23:1358",0.423100342595971
"YC23:1359",0.425342973320171
"YC23:1361",0.419149949321868
"YC23:1362",0.432532296357226
"YC23:1363",0.453733436785483
"YC23:1364",0.445467210345842
"YC23:1365",0.462205293471981
"YC23:1366",0.423292034579051
"YC23:1367",0.440809702507447
"YC23:1368",0.477642905419684
"YC23:1369",0.40996693249589
"YC23:1370",0.41930263727116
"YC23:1371",0.446019477182305
"YC23:1372",0.459274912161015
"YC23:1373",0.445272534737151
"YC23:1374",0.431519120214612
"YC23:1375",0.438198839554513
"YC23:1376",0.434895825435453
"YC23:1377",0.391352749263947
"YC23:1378",0.445138633008594
"YC23:1379",0.432654509242364
"YC23:1380",0.463403904371257
"YC23:1381",0.421683934975493
"YC23:1382",0.44897193347776
"YC23:1383",0.457035850036086
"YC23:1384",0.451134018157352
"YC23:1386",0.435559245230159
"YC23:1387",0.40992112218902
"YC23:1388",0.462856883671723
"YC23:1389",0.447143728304802
"YC23:1390",0.408450963222811
"YC23:1391",0.418703354400769
"YC23:1392",0.425857715729339
"YC23:1393",0.43182657128612
"YC23:1395",0.46191104592334
"YC23:1396",0.42302944956625
"YC23:1397",0.455100787116246
"YC23:1398",0.464994376268375
"YC23:1399",0.453921606038827
"YC23:1400",0.425452471432198
"YC23:1401",0.469701400466734
"YC23:1402",0.426403699010347
"YC23:1404",0.441899066912631
"YC23:1406",0.455634757782598
"YC23:1407",0.402758664548697
"YC23:1408",0.473779628079048
"YC23:1409",0.438658244929183
"YC23:1411",0.42974469705847
"YC23:1412",0.490248720740725
"YC23:1413",0.433901668283331
"YC23:1414",0.428752960670728
"YC23:1415",0.430132964631113
"YC23:1416",0.39274701239166
"YC23:1417",0.468816306599853
"YC23:1418",0.428174183097269
"YC23:1419",0.421942190759656
"YC23:1420",0.439808633962192
"YC23:1421",0.407154092200162
"YC23:1422",0.428146095481653
"YC23:1423",0.416812394277466
"YC23:1425",0.426490989516747
"YC23:1426",0.424964975232051
"YC23:1427",0.436305362092687
"YC23:1428",0.447861328144704
"YC23:1429",0.410142565744293
"YC23:1430",0.434810620736418
"YC23:1432",0.46226498758609
"YC23:1433",0.476859416507586
"YC23:1434",0.45629619740769
"YC23:1435",0.445669549560384
"YC23:1436",0.450390873521136
"YC23:1437",0.434455966131049
"YC23:1438",0.519908560884265
"YC23:1439",0.44390979614493
"YC23:1440",0.479936733241981
"YC23:1441",0.488261903519741
"YC23:1442",0.463997703834712
"YC23:1443",0.445585468120963
"YC23:1444",0.460603134839559
"YC23:1445",0.4902486819439
"YC23:1446",0.467159774175912
"YC23:1447",0.46827326996796
"YC23:1448",0.446408496195591
"YC23:1449",0.432991338142223
"YC23:1450",0.434488055721426
"YC23:1451",0.438440619541522
"YC23:1452",0.431248484858576
"YC23:1453",0.467871078778121
"YC23:1454",0.491336147630006
"YC23:1455",0.442345039667264
"YC23:1456",0.482702067518431
"YC23:1457",0.490919067347911
"YC23:1458",0.468531029996152
"YC23:1459",0.434505436219169
"YC23:1460",0.478911145143004
"YC23:1461",0.459125010011462
"YC23:1463",0.470063532020617
"YC23:1464",0.45816752307404
"YC23:1466",0.438343378219659
"YC23:1467",0.438455907844161
"YC23:1469",0.431795818793192
"YC23:1470",0.445034461259826
"YC23:1471",0.463015180669364
"YC23:1472",0.451271507846854
"YC23:1473",0.474038277692303
"YC23:1474",0.473042716949556
"YC23:1475",0.425817739079161
"YC23:1476",0.437272283548098
"YC23:1477",0.438738035573235
"YC23:1478",0.448149449998399
"YC23:1479",0.429301018859823
"YC23:1480",0.418344822813129
"YC23:1481",0.457285709038994
"YC23:1482",0.457486745198555
"YC23:1483",0.424663936411116
"YC23:1484",0.416466594665627
"YC23:1485",0.468980760739837
"YC23:1486",0.455791278449664
"YC23:1487",0.447164916460059
"YC23:1488",0.42726579468841
"YC23:1489",0.470820638107847
"YC23:1490",0.474613259990865
"YC23:1491",0.45155593570592
"YC23:1492",0.449006113441474
"YC23:1493",0.467459164042018
"YC23:1494",0.48381694176487
"YC23:1495",0.460746949629461
"YC23:1496",0.450150335182978
"YC23:1497",0.412524936834045
"YC23:1498",0.456688371394806
"YC23:1499",0.460189897817849
"YC23:1500",0.448913109501133
"YC23:1501",0.426259535801369
"YC23:1502",0.458602835305741
"YC23:1503",0.4482037375318
"YC23:1504",0.411356406563538
"YC23:1506",0.441711989402288
"YC23:1507",0.457470218342032
"YC23:1508",0.407587619718942
"YC23:1509",0.442394912407778
"YC23:1510",0.421507084426522
"YC23:1511",0.461333687927349
"YC23:1512",0.481841736456447
"YC23:1513",0.441418729962534
"YC23:1514",0.441885140349691
"YC23:1515",0.449561208485446
"YC23:1516",0.433847990966681
"YC23:1517",0.478943507806812
"YC23:1518",0.486338770886522
"YC23:1519",0.44003629129789
"YC23:1520",0.444906531664683
"YC23:2001",0.455049949049731
"YC23:2002",0.450028669754114
"YC23:2003",0.479726914069425
"YC23:2004",0.468417264917166
"YC23:2005",0.465482826296022
"YC23:2006",0.469799322041873
"YC23:2007",0.416540762137188
"YC23:2008",0.449347184652871
"YC23:2009",0.43294447413014
"YC23:2010",0.470317935075235
"YC23:2011",0.437104320765197
"YC23:2012",0.429282643793254
"YC23:2013",0.486859108095545
"YC23:2014",0.427854159766019
"YC23:2015",0.465204007838403
"YC23:2016",0.482174382072529
"YC23:2017",0.429448331166132
"YC23:2019",0.435977350341595
"YC23:2020",0.477660705394221
"YC23:2021",0.486302211039647
"YC23:2022",0.464151634405033
"YC23:2023",0.470809151739919
"YC23:2024",0.440694290791476
"YC23:2025",0.407522226164053
"YC23:2026",0.479371006065071
"YC23:2027",0.408074345382949
"YC23:2028",0.416933656582283
"YC23:2029",0.430458295166057
"YC23:2030",0.481007676631521
"YC23:2031",0.451262916283099
"YC23:2032",0.43307018330308
"YC23:2033",0.457242287279171
"YC23:2034",0.430750816297701
"YC23:2035",0.431404138842803
"YC23:2036",0.423627536946435
"YC23:2037",0.441701252917359
"YC23:2038",0.474306765321763
"YC23:2039",0.459341314775439
"YC23:2040",0.445502232503521
"YC23:2041",0.464976757314695
"YC23:2042",0.445550489585254
"YC23:2043",0.492470457520349
"YC23:2044",0.482288797736929
"YC23:2045",0.415295927324701
"YC23:2046",0.438312496028238
"YC23:2047",0.437379831918495
"YC23:2048",0.437823217534963
"YC23:2049",0.46620716086085
"YC23:2050",0.442037025055389
"YC23:2051",0.453789346099515
"YC23:2052",0.433809854426065
"YC23:2053",0.455045680622339
"YC23:2054",0.416836783214737
"YC23:2055",0.464962254084281
"YC23:2056",0.428538094609264
"YC23:2057",0.419112173044855
"YC23:2058",0.440248199827661
"YC23:2059",0.433332990883518
"YC23:2060",0.468945093823063
"YC23:2061",0.408191482014511
"YC23:2062",0.411547021672149
"YC23:2063",0.423074851230767
"YC23:2064",0.424077452317138
"YC23:2065",0.428080875424047
"YC23:2066",0.401580244699534
"YC23:2067",0.452315885202831
"YC23:2068",0.419014719824991
"YC23:2069",0.43278035472531
"YC23:2070",0.413923782615393
"YC23:2071",0.428261789701097
"YC23:2072",0.426870316376162
"YC23:2073",0.425287401771785
"YC23:2074",0.437551541930282
"YC23:2075",0.424841304981738
"YC23:2076",0.433298454877895
"YC23:2077",0.460558349026303
"YC23:2078",0.425881764948572
"YC23:2079",0.448501735509566
"YC23:2080",0.457503045876211
"YC23:2081",0.411835053278309
"YC23:2082",0.442170181696746
"YC23:2083",0.436449456170133
"YC23:2084",0.419991271516946
"YC23:2085",0.448205797408082
"YC23:2086",0.441177044887017
"YC23:2087",0.415698712381935
"YC23:2088",0.420474250651088
"YC23:2089",0.487331026269946
"YC23:2090",0.441551449767698
"YC23:2091",0.453783902473814
"YC23:2092",0.435246070489853
"YC23:2093",0.478879167401842
"YC23:2094",0.473625865209635
"YC23:2095",0.447088725895326
"YC23:2096",0.494852772425303
"YC23:2097",0.472715890848706
"YC23:2098",0.400809749545142
"YC23:2099",0.467289329244607
"YC23:2100",0.421705304028208
"YC23:2101",0.431757534956676
"YC23:2102",0.447133215921475
"YC23:2103",0.432063465438059
"YC23:2104",0.428013109751164
"YC23:2105",0.470358843836177
"YC23:2106",0.443103151794299
"YC23:2107",0.459979599305851
"YC23:2108",0.457524295631251
"YC23:2109",0.476228482923366
"YC23:2110",0.464386485661423
"YC23:2111",0.438889891998324
"YC23:2112",0.435341613792754
"YC23:2113",0.406791065756369
"YC23:2114",0.499933080406682
"YC23:2115",0.464958947101649
"YC23:2116",0.485174366295051
"YC23:2117",0.465128746425592
"YC23:2118",0.412472576384923
"YC23:2119",0.434235903879638
"YC23:2120",0.410854005174389
"YC23:2121",0.453347482258202
"YC23:2122",0.417178017330204
"YC23:2123",0.47910773518349
"YC23:2124",0.462848271480644
"YC23:2125",0.408656442654187
"YC23:2126",0.458301269689744
"YC23:2127",0.469272129188353
"YC23:2128",0.444597279437437
"YC23:2129",0.475055389417524
"YC23:2130",0.428938508230846
"YC23:2131",0.438443582212105
"YC23:2132",0.432864483407008
"YC23:2133",0.451736959187086
"YC23:2134",0.456376075371931
"YC23:2135",0.473801610158085
"YC23:2136",0.430428332576983
"YC23:2137",0.447783698462386
"YC23:2138",0.449899051548528
"YC23:2139",0.446610696249334
"YC23:2140",0.443562185975926
"YC23:2141",0.453561586919572
"YC23:2143",0.455121499406142
"YC23:2144",0.42111188937191
"YC23:2146",0.427733338310028
"YC23:2147",0.41498470734522
"YC23:2148",0.458478716165566
"YC23:2149",0.432226247874211
"YC23:2150",0.436782015320586
"YC23:2151",0.472700120643564
"YC23:2152",0.451294545125547
"YC23:2153",0.446475164830086
"YC23:2154",0.407651668000146
"YC23:2155",0.447848924719098
"YC23:2156",0.438917650232632
"YC23:2157",0.43275572312072
"YC23:2158",0.415065955421165
"YC23:2159",0.421768010154565
"YC23:2160",0.457992649541626
"YC23:2161",0.413009057048119
"YC23:2162",0.425715461547668
"YC23:2163",0.419432890068229
"YC23:2164",0.425723935733389
"YC23:2165",0.41254467753318
"YC23:2167",0.48409082213315
"YC23:2168",0.464620708570354
"YC23:2169",0.423740682717811
"YC23:2170",0.43784780781145
"YC23:2171",0.427885981727867
"YC23:2172",0.440006981088608
"YC23:2173",0.44934798358118
"YC23:2174",0.432807575037991
"YC23:2175",0.448413243316898
"YC23:2176",0.454156576131401
"YC23:2177",0.416080066836975
"YC23:2178",0.463488390893661
"YC23:2179",0.452905056552825
"YC23:2180",0.429117015953138
"YC23:2181",0.435749042187299
"YC23:2182",0.458483824776312
"YC23:2183",0.453701246270394
"YC23:2184",0.460577716661077
"YC23:2185",0.464450135158476
"YC23:2186",0.436735629021324
"YC23:2187",0.449791370347691
"YC23:2188",0.449968191546188
"YC23:2189",0.45509806222744
"YC23:2190",0.48259506172937
"YC23:2191",0.47570820505624
"YC23:2192",0.487595800865628
"YC23:2193",0.455872916075056
"YC23:2194",0.433821377067732
"YC23:2195",0.45566486761971
"YC23:2196",0.471200427978806
"YC23:2197",0.419799948740821
"YC23:2198",0.418273536650386
"YC23:2199",0.439766181608565
"YC23:2200",0.435183557800551
"YC23:2201",0.463013193242542
"YC23:2202",0.451893029152579
"YC23:2203",0.493074221553012
"YC23:2204",0.446300235066686
"YC23:2205",0.451088850426687
"YC23:2206",0.480088758117099
"YC23:2207",0.42512532068127
"YC23:2208",0.44628222387679
"YC23:2209",0.485004684385081
"YC23:2210",0.489647915360415
"YC23:2211",0.436483773963525
"YC23:2212",0.458268866649114
"YC23:2213",0.436402234843945
"YC23:2214",0.446502292693034
"YC23:2215",0.476620281662788
"YC23:2216",0.464772327018089
"YC23:2217",0.497518187836189
"YC23:2218",0.435058884292808
"YC23:2219",0.441904772707761
"YC23:2220",0.468788769136343
"YC23:2221",0.472396299113611
"YC23:2222",0.454387949448109
"YC23:2223",0.466028237464108
"YC23:2225",0.437601477902472
"YC23:2226",0.439380846526345
"YC23:2227",0.447822029582583
"YC23:2228",0.456341715930043
"YC23:2229",0.438319383479062
"YC23:2230",0.421808167153279
"YC23:2231",0.436043087151283
"YC23:2232",0.46715812365492
"YC23:2233",0.41599715781506
"YC23:2234",0.425421411262769
"YC23:2235",0.474837509285385
"YC23:2236",0.430549197947149
"YC23:2237",0.452682532839894
"YC23:2239",0.416722982082344
"YC23:2240",0.458133343538351
"YC23:2242",0.455522394534705
"YC23:2244",0.4130065253284
"YC23:2245",0.454225885774133
"YC23:2246",0.41193531296023
"YC23:2247",0.45199428407348
"YC23:2248",0.429070022703277
"YC23:2249",0.433883399035669
"YC23:2250",0.424544387715697
"YC23:2251",0.427028950977545
"YC23:2252",0.429998528930403
"YC23:2253",0.421079736880414
"YC23:2254",0.426056961349631
"YC23:2255",0.463224613840383
"YC23:2256",0.463553020728272
"YC23:2257",0.451117132384109
"YC23:2258",0.42450734717584
"YC23:2259",0.421367692888078
"YC23:2260",0.42935191643177
"YC23:2261",0.407394490715173
"YC23:2262",0.43591476011338
"YC23:2263",0.45636318978643
"YC23:2264",0.452317346279447
"YC23:2265",0.465708399632002
"YC23:2266",0.485582742592286
"YC23:2267",0.415723849859264
"YC23:2268",0.41113982389457
"YC23:2269",0.451078285501058
"YC23:2270",0.456163862840673
"YC23:2271",0.427631746425603
"YC23:2272",0.452454181962685
"YC23:2274",0.446842492850526
"YC23:2275",0.452931644919445
"YC23:2276",0.455004178974873
"YC23:2277",0.419771751468938
"YC23:2278",0.427449266946206
"YC23:2279",0.41577041960792
"YC23:2280",0.478963750008143
"YC23:2281",0.486134030184974
"YC23:2282",0.470111343904722
"YC23:2283",0.482756594651997
"YC23:2284",0.426470446275363
"YC23:2285",0.435484059716439
"YC23:2286",0.408782795052162
"YC23:2287",0.446444986496148
"YC23:2288",0.443558390733135
"YC23:2289",0.45623489533868
"YC23:2290",0.432938731454025
"YC23:2291",0.460625380437769
"YC23:2292",0.434184084900208
"YC23:2293",0.45198948131203
"YC23:2294",0.418268000455959
"YC23:2295",0.384449505549945
"YC23:2296",0.467372536704545
"YC23:2297",0.450273478093964
"YC23:2298",0.442520615197533
"YC23:2299",0.422113738012998
"YC23:2300",0.48005833804608
"YC23:2302",0.45100830691627
"YC23:2303",0.447954937773388
"YC23:2304",0.449027582287073
"YC23:2305",0.418371907336968
"YC23:2306",0.452847277665735
"YC23:2307",0.434267782840441
"YC23:2308",0.436805459994883
"YC23:2309",0.445425951335621
"YC23:2310",0.433127522687389
"YC23:2311",0.420598302227477
"YC23:2312",0.43369218066004
"YC23:2313",0.419365867243876
"YC23:2314",0.472348456161495
"YC23:2315",0.446338307871344
"YC23:2316",0.399228439982464
"YC23:2317",0.429470876464437
"YC23:2318",0.47360870623887
"YC23:2319",0.435117550641228
"YC23:2320",0.424959644431184
"YC23:2321",0.423573563580759
"YC23:2322",0.451170230623989
"YC23:2323",0.418352066714262
"YC23:2324",0.435879884520355
"YC23:2325",0.415749638674722
"YC23:2326",0.424372999654895
"YC23:2327",0.410342441453382
"YC23:2329",0.400324938070846
"YC23:2330",0.412663348239673
"YC23:2331",0.419334524410518
"YC23:2332",0.432206806910274
"YC23:2333",0.41854283889774
"YC23:2334",0.413596785042107
"YC23:2337",0.432461519315286
"YC23:2338",0.423588487032608
"YC23:2339",0.428992715488222
"YC23:2340",0.432501301779775
"YC23:2341",0.420912423808047
"YC23:2342",0.391230951679931
"YC23:2344",0.379832002420143
"YC23:2345",0.418810356272842
"YC23:2346",0.44259375068163
"YC23:2347",0.467892117169665
"YC23:2348",0.440575955272188
"YC23:2349",0.427555906906404
"YC23:2350",0.440990858628251
"YC23:2351",0.433918604895504
"YC23:2352",0.406050174160436
"YC23:2353",0.427434926159004
"YC23:2354",0.400685902935952
"YC23:2355",0.457469819650506
"YC23:2356",0.468038445095177
"YC23:2357",0.482836947585424
"YC23:2358",0.454292673793624
"YC23:2359",0.405438414458867
"YC23:2360",0.432875683817144
"YC23:2361",0.432879236364165
"YC23:2362",0.432238275021564
"YC23:2363",0.410834885499383
"YC23:2364",0.415727532792779
"YC23:2365",0.435041622295153
"YC23:2366",0.468649883463407
"YC23:2367",0.451502291808861
"YC23:2368",0.440726067834197
"YC23:2369",0.451209359286613
"YC23:2370",0.433140838844905
"YC23:2371",0.427018686730126
"YC23:2373",0.485583841122335
"YC23:2374",0.450882980657851
"YC23:2375",0.479851433532102
"YC23:2376",0.458739921745031
"YC23:2378",0.425102211342202
"YC23:2379",0.464228791451453
"YC23:2380",0.441569799702743
"YC23:2381",0.450729893801225
"YC23:2382",0.417661526917076
"YC23:2383",0.451807387993127
"YC23:2384",0.464392871649588
"YC23:2385",0.437467541958053
"YC23:2386",0.436332361233319
"YC23:2387",0.430031728093241
"YC23:2388",0.431411563254702
"YC23:2389",0.434521966302589
"YC23:2390",0.442988141245738
"YC23:2391",0.447238858929921
"YC23:2392",0.41576343945551
"YC23:2393",0.461963509317091
"YC23:2394",0.434573972128438
"YC23:2395",0.436885332506252
"YC23:2397",0.40316608249403
"YC23:2398",0.427304504889589
"YC23:2399",0.439182362016534
"YC23:2400",0.406468352429391
"YC23:2401",0.478229929193298
"YC23:2402",0.451616981879729
"YC23:2403",0.398091871068938
"YC23:2404",0.454804584446627
"YC23:2405",0.448892642250817
"YC23:2406",0.45748030597941
"YC23:2407",0.443397098367011
"YC23:2408",0.450894145265936
"YC23:2409",0.432929362164841
"YC23:2410",0.452393089194768
"YC23:2411",0.41656649664338
"YC23:2412",0.469744166591253
"YC23:2413",0.433085504052919
"YC23:2414",0.464740789293481
"YC23:2415",0.443735607330944
"YC23:2416",0.445116602384421
"YC23:2417",0.428313465859372
"YC23:2418",0.422199729672353
"YC23:2419",0.42431523873291
"YC23:2420",0.4519225271625
"YC23:2421",0.443419315038797
"YC23:2422",0.411045209289519
"YC23:2423",0.443122025990317
"YC23:2424",0.455282787528307
"YC23:2425",0.42420760047258
"YC23:2426",0.438662151582768
"YC23:2427",0.472211070437714
"YC23:2428",0.394690077631139
"YC23:2430",0.45518823476895
"YC23:2431",0.429349450392162
"YC23:2432",0.440427258396141
"YC23:2433",0.418507056509161
"YC23:2434",0.422966783289228
"YC23:2435",0.425581980290858
"YC23:2436",0.438859129620367
"YC23:2437",0.429758183873493
"YC23:2438",0.418393426176022
"YC23:2439",0.440641260874169
"YC23:2440",0.44850217962263
"YC23:2441",0.428828114202017
"YC23:2442",0.488967038356439
"YC23:2443",0.454388223218033
"YC23:2444",0.473958802552381
"YC23:2445",0.425207494422355
"YC23:2446",0.423371933002879
"YC23:2447",0.463750748084282
"YC23:2448",0.461185787800852
"YC23:2449",0.47238596768162
"YC23:2450",0.448314480749201
"YC23:2451",0.405792797021448
"YC23:2452",0.45035493861237
"YC23:2453",0.41865475329081
"YC23:2454",0.456483508462814
"YC23:2455",0.490426089447388
"YC23:2456",0.435680445397743
"YC23:2457",0.415318051997028
"YC23:2458",0.45411740260508
"YC23:2459",0.415897025956381
"YC23:2461",0.457608690610952
"YC23:2462",0.468669868116159
"YC23:2463",0.412722582386734
"YC23:2464",0.45569694237906
"YC23:2465",0.437417215481748
"YC23:2466",0.439147532911812
"YC23:2468",0.435531628155119
"YC23:2470",0.388819491197657
"YC23:2471",0.437935178415769
"YC23:2472",0.451228803243787
"YC23:2473",0.438757801033322
"YC23:2474",0.441839356756721
"YC23:2475",0.414461516905161
"YC23:2476",0.434985807621839
"YC23:2477",0.430538322642233
"YC23:2478",0.41760546058042
"YC23:2479",0.465098921164179
"YC23:2480",0.438960196156474
"YC23:2481",0.44222768642119
"YC23:2482",0.449120649423688
"YC23:2483",0.440099685923959
"YC23:2484",0.426573201756886
"YC23:2485",0.462002428292692
"YC23:2486",0.445255494922147
"YC23:2487",0.415118965735645
"YC23:2488",0.440656020269654
"YC23:2489",0.455886754678105
"YC23:2490",0.445032821244445
"YC23:2491",0.444922400567477
"YC23:2492",0.448596538285421
"YC23:2493",0.428868000198822
"YC23:2494",0.470664139599105
"YC23:2495",0.473469412146332
"YC23:2496",0.433437536314077
"YC23:2497",0.426118137362482
"YC23:2498",0.4210370932638
"YC23:2499",0.440428277644095
"YC23:2500",0.474491790766536
"YC23:2501",0.43924888653704
"YC23:2502",0.439619101667663
"YC23:2503",0.467535852135944
"YC23:2504",0.418074032681232
"YC23:2505",0.455678302731051
"YC23:2506",0.446020640492027
"YC23:2507",0.482394765643378
"YC23:2508",0.414608335160206
"YC23:2510",0.455654012529033
"YC23:2511",0.444277494595041
"YC23:2512",0.431369325455708
"YC23:2513",0.436154927204051
"YC23:2514",0.485502006400084
"YC23:2515",0.433866266161376
"YC23:2516",0.431573460729826
"YC23:2517",0.451536012220356
"YC23:2518",0.477714084443637
"YC23:2519",0.46063464220375
"YC23:2520",0.431549111061946
